distance_0,distance_1,distance_2,Vol,Err
2.0341388148591726,2.151941756246247,2.244852950588479,0.5683394635079111,0.011516309645359967
2.200428999908181,2.2663655016462037,2.3206875199042853,0.24316826350790421,0.011622181687324082
2.0791623628646194,2.1400986192046036,2.3947095406767973,0.46212506350790505,0.011551199896618127
2.1537594451897473,2.241506916736339,2.3533408526364243,0.2647234635079059,0.011615249768497737
2.2121455985865506,2.2893229508490642,2.3296280878406534,0.20558746350791068,0.011634238285868036
2.293341814586085,2.3518709663042863,2.3748650905711126,0.07505306350790875,0.011675831405293758
2.253547762958537,2.26743988816826,2.388068581470804,0.13644186350790477,0.011656325550834323
2.0449524622078616,2.244308611025669,2.321552607637233,0.43725466350790754,0.011559326127054853
2.076682190494865,2.194985215231121,2.2458356284713803,0.4900418635079049,0.011542058693072442
2.037914366728645,2.054253596652025,2.131863538202188,0.8148418635079082,0.011434165746885825
2.0045015320863064,2.2421080682345,2.254825842680189,0.5192898635079075,0.011532459325278263
2.1269184638231846,2.2902859173067758,2.3977653341739846,0.2728898635079062,0.011612620371792648
2.056074549128559,2.077780373343308,2.208506742192781,0.6662722635079064,0.011483871789196673
2.190310033752898,2.2935153260216197,2.3736386597085373,0.19200666350791096,0.011638586209307925
2.0221677931743156,2.070816559384151,2.2123085806014777,0.7269570635079106,0.011463641399794234
2.0131833663364227,2.196243342216192,2.2408393967521945,0.5549634635079101,0.011520720107255428
2.180398985397265,2.250209854138747,2.2908525036247065,0.2547778635079112,0.011618449673419205
2.1097975278024323,2.1489264329890707,2.326987867429462,0.432787463507907,0.011560784014850448
2.045452965655592,2.1659110348190658,2.2361608977719922,0.5691970635079073,0.011516026705715107
2.087535334956476,2.2366788382821765,2.3926633901082623,0.37024666350790625,0.011581138988068411
2.1297984125942673,2.32369648267436,2.3241794233146518,0.24731546350790978,0.011620848935224318
2.016083831128054,2.087953890691479,2.199988347464973,0.7249858635079107,0.011464300105920191
2.0124289458505245,2.1715264830945977,2.2572010748075204,0.5723458635079055,0.011514987683510362
2.099130787664191,2.1884368565727255,2.1945496751135734,0.5070274635079102,0.011536486695831205
2.1628366072404246,2.203194221145846,2.2414634014417416,0.4094018635079095,0.01156840736593325
2.0126870972068165,2.1155159412579474,2.1672808928049814,0.7382978635079098,0.011459849648013451
2.133120667145568,2.2209217624507405,2.347487940756854,0.3271874635079044,0.011595093355991131
2.100976596979381,2.1156274281073055,2.2568741072756815,0.5516354635079068,0.011521816702291292
2.0102888870527575,2.072474195020934,2.135553289829623,0.7942338635079054,0.011441096390601096
2.19274268903738,2.358055025640205,2.3878244663651436,0.1609154635079051,0.01164852209234357
2.1480624287814387,2.2626123767857185,2.2630317102374473,0.31171226350790704,0.01160009655683069
2.0135854802285547,2.1387347888516404,2.2370751242715605,0.6469058635079108,0.01149030694376007
2.3536248637604507,2.3832798874030745,2.3838571790519407,0.001376263507907538,0.011699113687349003
2.000236475226148,2.1584340466269434,2.3550964333951305,0.5405634635079082,0.011525462855302235
2.055387435152855,2.188087542439899,2.2543922139265264,0.50899866350791,0.011535839560404968
2.0300025853021273,2.0991495927995274,2.3516151101345986,0.592057863507911,0.011508477188172361
2.158129884076813,2.2884477413323197,2.396090268116174,0.22007706350790812,0.011629594118366726
2.179688782048399,2.1885278837126996,2.257524784121388,0.3663810635079088,0.011582393723565777
2.0352092947612577,2.1393698383623776,2.3173822891877536,0.5350722635079066,0.011527269961741471
2.1338432367609617,2.1473264723456245,2.2453707741872373,0.47584666350790883,0.0115467094249497
2.109791175258259,2.144626476921007,2.26450420966007,0.48791706350790776,0.011542755176528053
2.0607828449615004,2.220845586146581,2.237458921003605,0.49201306350790475,0.011541412450278728
2.144438703200054,2.1458716054069584,2.341617817775521,0.36123546350791,0.01158406332325711
2.1412720157825147,2.305209287139332,2.353009603864591,0.2544322635079084,0.011618560820570644
2.178444298313847,2.2776473282644516,2.3982833616292187,0.23102106350791018,0.011626082753098357
2.027815199541805,2.335351374880747,2.350527814821264,0.3473730635079093,0.011588557803972227
2.0038615281797845,2.1326718163612814,2.3350359101745473,0.5817282635079053,0.01151189015789932
2.0526165518450394,2.0919601227713134,2.1033836225732134,0.7925570635079069,0.011441659801263292
2.080142101051491,2.316113624936749,2.343367058261999,0.31726746350791046,0.011598301259470681
2.260550053181607,2.337307023107184,2.3715167947787865,0.0991554635079055,0.011668184629267614
2.0553973308311173,2.1173224201632914,2.138280012400526,0.7083458635079083,0.011469856404626664
2.078380861981175,2.0960783559234106,2.3955824950981595,0.504480263507908,0.011537322775756947
2.0050496983574004,2.149437371816762,2.386488498212687,0.5557826635079053,0.011520450130670367
2.0464801367179803,2.080761499975987,2.2183542727387064,0.6813378635079061,0.011478858709913302
2.003648262478148,2.055667855572532,2.1376166224026742,0.8157122635079048,0.011433872768077979
2.025123528694448,2.1060600694138634,2.1389731398795275,0.7524930635079059,0.011455098605698304
2.1453013174824496,2.2158241586968335,2.3398515167113896,0.32410266350790806,0.011596091187395675
2.162611113864618,2.3105584182009444,2.351733623224388,0.22637466350790447,0.011627573924448804
2.033901561133552,2.0707166276719153,2.30535439866467,0.6410178635079049,0.01149226142669254
2.143542146635173,2.255352140780287,2.380652857861541,0.26985626350790426,0.01161359732617783
2.2420211086758974,2.2449232941785424,2.262767331997227,0.2436546635079111,0.011622025400124924
2.245000251907836,2.3030756127368077,2.3053705543020735,0.18353306350790888,0.0116412966232386
2.0717325074989654,2.1257909298488613,2.2964505108750384,0.5203394635079093,0.011532114416031912
2.148248162867416,2.19039017001523,2.303227174031333,0.3593282635079049,0.011584681977750585
2.0937994033565053,2.1011191557749376,2.2629117230175217,0.5523010635079046,0.011521597407014424
2.0357845088660667,2.076594841290644,2.3364590758538415,0.5973058635079056,0.011506742115200329
2.1267790649059046,2.157792671670469,2.3572544028952676,0.38637466350790817,0.011575899745891105
2.1352620184261726,2.152872699065132,2.3198524383123913,0.40935066350790805,0.01156842404047296
2.1148310766572234,2.3372176012263775,2.364641158872274,0.2552130635079095,0.011618309705902354
2.1948560762961082,2.2184572029759084,2.246747687454905,0.3234498635079106,0.011596302314690797
2.061743203990971,2.089436125541679,2.363768781427823,0.5214786635079065,0.011531740030015917
2.0152741223931248,2.3027731169604717,2.3770543061821647,0.37532826350791026,0.011579488951521963
2.0642264038205,2.166806290834788,2.255424509816746,0.5044546635079072,0.011537331177691873
2.0048384724524166,2.09934464702692,2.2060601345974735,0.6928450635079102,0.011475025548479104
2.110982996048851,2.1388292194191707,2.1729014275118077,0.5761858635079093,0.011513720223277691
2.256765730662544,2.259607967885503,2.32151188013288,0.1989826635079055,0.011636353426215227
2.025293762839028,2.1370742263189406,2.1910523568841573,0.6624578635079104,0.011485140056850314
2.3002816123327747,2.3073711656336306,2.375228686011422,0.08863386350790847,0.011671524573725979
2.0880983659570767,2.1608095335309363,2.243833534926775,0.5036994635079068,0.011537579026908822
2.086970966362339,2.089594488401312,2.2606134918642993,0.5881922635079064,0.011509754744162501
2.0384126528656275,2.207722832101918,2.3800618594866707,0.4282818635079053,0.011562253898776634
2.2036644626671396,2.235915819351486,2.367455684583115,0.22494106350790588,0.011628033896813196
2.036636511913902,2.182584242773174,2.28953232158164,0.5299522635079086,0.011528954183047273
2.00795212803531,2.104005304365902,2.2901226804764496,0.6470466635079077,0.011490260194667057
2.243272026939459,2.2568875227600644,2.3095254915190067,0.20069786350790508,0.011635804254617644
2.0218849470121416,2.0682428572195164,2.3831084215153915,0.6091970635079065,0.011502807953623479
2.146534169718169,2.2280892379208694,2.2674637419661474,0.3679298635079107,0.011581891045718742
2.2557648578072187,2.303613959291454,2.3636446301452656,0.14643866350790802,0.011653139923485253
2.0606843038513682,2.150918251817454,2.350716962131265,0.47607706350790835,0.011546633982491604
2.0425203271504584,2.256545650105553,2.329729275356525,0.402464263507909,0.011570666134197665
2.2146620762359603,2.2981343846242357,2.3551038440541734,0.1712834635079048,0.011645211554991604
2.0516111953976437,2.0630515595618677,2.2854320747127748,0.609990663507908,0.011502545258448252
2.0809197998499793,2.138596125765669,2.144031688396122,0.6217410635079048,0.011498653690900544
2.0943022106514375,2.2149822632525344,2.3342296897082266,0.3777474635079088,0.011578703178414102
2.2483925011047616,2.2553556043162875,2.371509126231999,0.1617090635079066,0.011648268791671752
2.0674659302427525,2.1553049148942742,2.353590942404589,0.46332826350791123,0.011550806342797856
2.2832298488655565,2.3095042435137008,2.3991244315383855,0.1230402635079102,0.011660592113185334
2.0100922256286275,2.2224899989052673,2.3565426408167793,0.4689858635079105,0.011548955286606738
2.0957328570889007,2.1194416238901734,2.2096639993104064,0.5805250635079062,0.011512287516992554
2.114286918075964,2.1375767173919966,2.2873239243486627,0.4624578635079075,0.01155109104515533
2.02112730732967,2.332602498198491,2.3637275768340507,0.35740826350790655,0.011585304687491098
2.1962604451064056,2.2933379866279413,2.3446869142957767,0.21317786350790868,0.011631806112802897
2.0173611266659663,2.090265247678324,2.095775860236293,0.8237378635079082,0.011431170352735387
2.1131652528386713,2.211701832517442,2.3424900896099645,0.3775042635079089,0.011578782178459217
2.0890223004588773,2.0974058673666014,2.2430484485381887,0.5766210635079076,0.011513576552822284
2.050461817433704,2.1872153589404686,2.3212276616297642,0.4620610635079103,0.011551220829254293
2.094690396142507,2.3029183124500037,2.3426351313118956,0.2932802635079099,0.011606047504986354
2.082743432116049,2.089455574982919,2.0951810563782,0.7479490635079102,0.011456620050522287
2.0708874890640105,2.3286511881376,2.3908464585919638,0.2901186635079043,0.011607067363166336
2.0756718771997584,2.1630553841881857,2.388892645795955,0.4393410635079107,0.01155864504114685
2.0452614383296006,2.1203303981262778,2.2043661202199107,0.6444610635079044,0.011491118592679752
2.10578581732024,2.2092666776648153,2.290074587478764,0.40799386350790456,0.011568865890505042
2.109117730559809,2.224953587655636,2.393147694425711,0.33367706350790627,0.011592993367347277
2.0484539007126017,2.048729307371711,2.151970175253945,0.777875463507911,0.011446589587641349
2.0661770957731247,2.1632169568328554,2.3280305688844334,0.4673986635079075,0.011549474673316544
2.0782166083877684,2.1602020428469157,2.244445577842419,0.533817863507906,0.011527682660783705
2.0054487847712763,2.0571195321841778,2.0965652537132815,0.8923330635079054,0.011408000485465034
2.05817209032551,2.3021749102549687,2.336083359783415,0.37043866350790466,0.01158107665649813
2.1224783465225063,2.216207492651334,2.303185292567242,0.3574722635079084,0.011585283932064297
2.244159828593343,2.374798888568542,2.3815613036194923,0.08229786350791102,0.011673534478182434
2.1847904100628974,2.228779625882706,2.3324441563453706,0.28238746350790933,0.011609560164587357
2.164271560086644,2.298927116089469,2.3095246936194895,0.24296346350790543,0.011622247490613835
2.087570335764474,2.1395297632350947,2.3120654224449866,0.48124826350790784,0.011544940346778549
2.094469697356092,2.3126016445686752,2.3755090820545157,0.30336666350790864,0.011602792117521153
2.0640476156437573,2.0895232057744217,2.275204956469729,0.5946818635079083,0.01150760974422054
2.038822230459434,2.210142317412313,2.383988460455962,0.41360026350790946,0.01156703981763355
2.2556900141671035,2.263740482077405,2.3736510754487674,0.15762586350790997,0.01164957189045023
2.0557794558368303,2.2174236016904034,2.2469866140572954,0.4955714635079076,0.011540245594011962
2.0698843006005885,2.1700805348784042,2.1933329304149285,0.5670210635079087,0.011516744573809523
2.0211281222233293,2.2908097696877405,2.312902896522063,0.41732506350791,0.011565826144917041
2.0372202621518256,2.31178686474721,2.319367080084684,0.39079066350790725,0.011574463994091578
2.2454092915334245,2.3570367824921323,2.3578716496181453,0.10202266350790978,0.011667273979287211
2.2367331370375094,2.313394140560562,2.3630431329447195,0.1573698635079097,0.011649653575042064
2.0768271416525077,2.160627621311455,2.3364745673333918,0.4548034635079077,0.0115535938842736
2.014918625694333,2.274795046038682,2.27481399443965,0.48318106350790657,0.011544307146742063
2.123746351657583,2.218595049297316,2.28278364140327,0.38189466350790724,0.011577355779503648
2.0152110140306636,2.05840160075894,2.265786317237984,0.6867650635079059,0.011477051303264344
2.076525080413678,2.3119938366888704,2.3578323681530575,0.3335874635079108,0.011593022368809507
2.1491546274881044,2.255377255626046,2.369783221392586,0.2730178635079099,0.011612579144796614
2.0387406169660487,2.2350058989744963,2.3921263145301417,0.41610906350791055,0.011566222401473442
2.049297520761275,2.0629220752670716,2.1352706261846843,0.7612738635079097,0.01145215697994783
2.157274302097795,2.3467970369116524,2.387606150244098,0.16817306350790773,0.01164620500883913
2.0057803971655774,2.02532115109163,2.136890653913561,0.8757314635079112,0.011413619997772647
2.1023919962225652,2.166421544043958,2.223887399267056,0.5014850635079071,0.01153830568353861
2.150457174421679,2.1897876422318743,2.2479525825549387,0.40717466350790943,0.011569132644304573
2.2902012702234327,2.313022316243449,2.35199349859806,0.10147226350790817,0.011667448808001996
2.021317565167307,2.023379678661721,2.0483980546608938,0.9501122635079042,0.011388383320044826
2.1514026805485416,2.171425513007259,2.3895366661759354,0.3543746635079046,0.01158628837096858
2.027777942615562,2.074683704668511,2.217296418648187,0.6870338635079065,0.0114769617647439
2.114817941181694,2.350598295176813,2.3915813976059868,0.2559682635079099,0.01161806680935392
2.3262654603362884,2.382466336255406,2.3897718437832225,0.022918663507908832,0.01169232056955646
2.0152799788570572,2.3022609249875883,2.3152952457425875,0.4364354635079053,0.011559593515726002
2.1395868041395136,2.2580300326882514,2.3086136292454125,0.3009986635079045,0.011603556629511673
2.2815077986775787,2.354715642794458,2.3762709196630927,0.08032666350791118,0.011674159570947853
2.207808898818285,2.3310239263800723,2.34390006844625,0.18175386350790745,0.011641865491428623
2.0121670792887447,2.29611178775078,2.348684245728078,0.3917762635079072,0.011574143480627705
2.1504941753826383,2.187319719969964,2.32709206260325,0.35578266350790955,0.011585831839158673
2.0526535608352563,2.1526143015934145,2.3042452327034133,0.5184322635079042,0.01153274111953005
2.1995699246976512,2.2193338751681386,2.3846575203137244,0.22642586350790594,0.01162755749587402
2.1834933801832666,2.2435761935353633,2.374525427180073,0.24439706350791113,0.011621786844603523
2.1913833347420844,2.202367152600205,2.2259529420139486,0.3816258635079066,0.011577443124671705
2.1220594775440387,2.280895379177156,2.339883197994011,0.2678466635079104,0.011614244374418086
2.0722800039375913,2.244056209128263,2.3879679768566873,0.37080986350790823,0.011580956146039099
2.105549244862587,2.3063026401999203,2.312898193360201,0.305849863507909,0.01160199025511085
2.1203228588400527,2.1686802839816677,2.22722810049399,0.47210906350790793,0.011547933071992844
2.121660959670394,2.3043220554358146,2.3869017480056054,0.27693466350790885,0.011611317391504554
2.0964775325242386,2.179481909741455,2.2864338524705716,0.4344770635079058,0.011560232669647353
2.0357667109057647,2.391496957261759,2.3968178827222815,0.3220290635079053,0.011596761788347114
2.0868204072427567,2.225860597585187,2.3513967078725386,0.37927066350790994,0.011578208353159205
2.021895482041942,2.13256515481616,2.259675003669813,0.6065346635079081,0.011503689129760075
2.2213297919118946,2.3573579156379787,2.369223202789564,0.13208986350790752,0.011657711572004412
2.152858035802756,2.220110298862909,2.3266937605749782,0.32489626350790957,0.011595834507764795
2.023638764704713,2.0637559535296846,2.07428641735282,0.8786498635079099,0.011412632692456862
2.1661302410952437,2.2763895314120464,2.3175232309030167,0.27518106350790816,0.011611882343740823
2.1728485457424087,2.2970965688022065,2.3271199019343265,0.23250586350791025,0.011625606116898892
2.1227190043957225,2.206163811284199,2.3541483823092935,0.33769626350790816,0.011591692227520054
2.0290909816491927,2.106320658516289,2.2754527036562355,0.6269634635079058,0.011496922911525482
2.152425520677436,2.362573056035867,2.3845469534897474,0.19697306350790456,0.011636996761314909
2.002046827906599,2.055752671125276,2.366602891110718,0.6664898635079055,0.011483799426494247
2.0329738259646444,2.2160095390252312,2.268419602134819,0.4996290635079106,0.01153891463028112
2.3039134432620947,2.344552738366201,2.373911075388258,0.07278746350790755,0.01167654942501515
2.1000905902300437,2.164408165732921,2.3489044005407176,0.4174402635079062,0.011565788602792289
2.090977420668109,2.24084248089066,2.2801200562376756,0.3976386635079052,0.011572236519545127
2.053179472533038,2.090746568967603,2.309916374515332,0.5699778635079085,0.011515769086794282
2.0192337150763136,2.093965475195921,2.3494433468083065,0.5879490635079065,0.011509835106778433
2.2646504840898767,2.289720842604512,2.346805882593101,0.15058586350790648,0.011651817598180025
2.011862734231516,2.0796247812321287,2.3078009668498263,0.6326722635079065,0.011495030091095334
2.0597386567112292,2.312814529257275,2.346984940154284,0.3445954635079076,0.011589457751712192
2.0222141066209565,2.150514105264775,2.3845156541745416,0.5159490635079109,0.011533556950337103
2.0112759066075685,2.0643378234547627,2.2461570208439237,0.7089986635079057,0.01146963856847304
2.0926982776953236,2.225161497080817,2.2729919520477604,0.41216666350791087,0.011567506837788469
2.254008161558883,2.303030203867911,2.321211101431591,0.16156826350790965,0.011648313733304543
2.1954090697472135,2.319680647840186,2.3418948870210476,0.1939010635079086,0.011637980000636256
2.233227356183694,2.3409765696620846,2.396814085434846,0.1220034635079088,0.01166092199764274
2.086885709348198,2.116489468152207,2.387569752679335,0.4760514635079076,0.011546642365056696
2.1076787663920897,2.322010846954507,2.361564754365707,0.2699202635079061,0.011613576717810926
2.0208797663304194,2.044772608553533,2.3566387640164246,0.6602690635079043,0.011485867643539297
2.3351228133615765,2.370006558327962,2.3720972379748213,0.021395463507907664,0.011692801281462788
2.0347755736548385,2.090206262484152,2.1315795631733874,0.7507138635079045,0.011455694393358013
2.0431942692277665,2.2458020577801814,2.3721487531202774,0.40355226350790474,0.011570311983482693
2.0195452195258943,2.0297658025508145,2.298779695387765,0.6915906635079097,0.011475443575705227
2.304796708029276,2.312446433100377,2.3570621516711117,0.09856666350790988,0.011668371611510278
2.000236989346249,2.215087466950769,2.2511678582825208,0.5636674635079046,0.011517850686608473
2.031518425115454,2.1973436764123835,2.24207110292972,0.5369282635079102,0.01152665925841912
2.0078273245809286,2.1747780138706334,2.185807445688433,0.6464450635079046,0.011490459937049353
2.0817035078261568,2.327609171558358,2.3535884103214393,0.3066050635079094,0.011601746357668271
2.1069829973096796,2.2129877808060874,2.354326793154192,0.3470274635079065,0.011588669790096292
2.1257575955160743,2.1420445614384627,2.1913499694504397,0.5270338635079099,0.011529913875645099
2.077158878412694,2.2598806438237786,2.2854449362242515,0.3942722635079079,0.01157333167589641
2.033488982518119,2.087742310099807,2.0904910931369707,0.8127426635079047,0.011434872257435204
2.3796876352826377,2.3917962397259354,2.3965917434364874,0.011539463507908465,0.011695910333823318
2.012760917318728,2.2043229662746926,2.2496219756690388,0.5392450635079058,0.011525896802919945
2.196221517844026,2.2874676292681775,2.294662005372046,0.2388034635079066,0.011623583883088914
2.0071449841313247,2.2134897079108815,2.23743479346803,0.5606466635079101,0.011518846774392574
2.0289636934261646,2.0545955742305178,2.1011399011190113,0.8431938635079064,0.011424611709506937
2.001222850591409,2.1740947344206663,2.299627058729988,0.5559490635079101,0.01152039528947984
2.004122918795599,2.1469212611473547,2.388493322106911,0.5409858635079061,0.011525323813705269
2.026394576500308,2.1664614328453,2.391020014634845,0.4874946635079098,0.011542893619753693
2.262172024213831,2.3413531217918733,2.3894056095413516,0.08714906350790841,0.011671995674401412
2.028502781342279,2.100058334076835,2.1848669959247564,0.6958658635079047,0.01147401869561622
2.078197342690106,2.0890216610433305,2.1732672428525177,0.6742850635079094,0.01148120629424467
2.0018678472147466,2.0929747153914215,2.3586862450850004,0.6089282635079059,0.011502896927178789
2.1538806409460705,2.1586675000290017,2.1938664198777293,0.4704834635079109,0.011548465158692471
2.0226315866749984,2.2956737144539923,2.375422234671918,0.37402266350790825,0.01157991295539964
2.0891489042562914,2.199610376238906,2.367449202216152,0.4083394635079074,0.011568753348421388
2.112614477126577,2.318390127756649,2.3485026143520544,0.278035463507905,0.011610962708849194
2.0560545557998076,2.1814633379928337,2.2666282786961403,0.5126722635079091,0.011534633258634068
2.04157969029719,2.0822562915383176,2.1283630016690944,0.7556418635079112,0.011454043978697875
2.0461291210872696,2.140816732577601,2.2151961732808054,0.5839938635079065,0.01151114183367797
2.2155202586557703,2.2619053749693783,2.353424185304587,0.19077786350791115,0.011638979375887511
2.024919364041675,2.0502375997879496,2.117491255592219,0.8568898635079094,0.011419988534881003
2.01326913214726,2.144678416998452,2.2750346982909253,0.5903682635079051,0.011509035639519553
2.0629374425174554,2.068482245881921,2.1332715733257195,0.7597506635079085,0.011452667412656702
2.2349051759532226,2.2648954048127288,2.2936637244140847,0.2142786635079048,0.011631453261706531
2.0671981090649303,2.1220552797419714,2.388737870212314,0.47345306350791105,0.011547493104714807
2.0076918153675134,2.081285469189356,2.178023930795581,0.7313474635079089,0.01146217390188479
2.0184583174161648,2.093788020315603,2.198764230669728,0.720160263507907,0.01146591220696897
2.0207445516840985,2.206635685056923,2.313633268853913,0.4838850635079055,0.01154407648625785
2.1103601627543935,2.115295814675994,2.1402091582197644,0.6226882635079107,0.011498339829592235
2.2130322632111534,2.2250942446108315,2.345179371022008,0.24228506350790724,0.011622465456194886
2.02770963457535,2.116882759502172,2.1347780240755094,0.7355202635079081,0.011460778651159789
2.141474473252988,2.29107394972937,2.3983264223008467,0.23251866350791062,0.01162560200771629
2.0421364500315935,2.198963443606202,2.3783552212366863,0.4402882635079095,0.011558335798395337
2.0119285412802768,2.1680493561686354,2.2935357289119747,0.564422663507905,0.01151760162644326
2.217513044947281,2.3163465411328428,2.366980840680683,0.14375066350790888,0.011653996748390174
2.0353959032806896,2.044479434078977,2.2441946847806316,0.7130562635079087,0.011468284307834576
2.025145386659824,2.1570022253902863,2.274579615864171,0.5419970635079068,0.011524990937155984
2.1545700329426927,2.211836630424907,2.274044171095568,0.34313626350790827,0.011589930453976537
2.1667020987484933,2.334981132717832,2.3514754227229218,0.20014746350791057,0.011635980489658136
2.0794869474040487,2.30274621472755,2.38930517180287,0.2947138635079085,0.011605584972876387
2.1681118538392496,2.2838922683863743,2.2953449775946986,0.26258586350790836,0.011615937739604915
2.0633304717691163,2.075867756059262,2.0961314767558883,0.7932738635079062,0.01144141896336673
2.134857210302292,2.1613123845848525,2.3292906596828855,0.39277466350790746,0.011573818778486974
2.0847043239073204,2.132235730675864,2.397235701070542,0.45842586350790526,0.011552409624324102
2.114460859065654,2.1525133959602623,2.2408470274589964,0.4868162635079045,0.01154311595802021
2.058186119733971,2.2148868668711312,2.396763820412502,0.39020186350790453,0.011574655457423633
2.107370304942908,2.180703447627786,2.39120804067789,0.3683138635079075,0.011581766405064049
2.048812698190579,2.048859167528157,2.1221176007222304,0.8218690635079042,0.011431799780999969
2.084708045335037,2.1371078746796077,2.3474993002958384,0.44686746350790685,0.011556187158098091
2.0430929188586813,2.1184519110799003,2.198957397017383,0.6460482635079074,0.011490591676676846
2.047981818740204,2.3245595787287634,2.3501707991399745,0.3577922635079105,0.011585180153311867
2.167118352088438,2.292175694545237,2.3626612147141546,0.24803226350790908,0.011620618537514222
2.203229251028773,2.271855214358135,2.3155328461468017,0.2026050635079102,0.011635193518775224
2.05822337535099,2.1320361154620766,2.315337662980636,0.5201218635079101,0.011532185924024893
2.042901802500852,2.11253513382392,2.2546541703143057,0.5997250635079112,0.011505942039565408
2.105550273410009,2.1397482316265375,2.385809413231035,0.4130754635079086,0.01156721078667988
2.070739440159152,2.091349662846679,2.366569763395693,0.524742663507908,0.011530667159030358
2.0846189835422866,2.1687217935878977,2.2353350307952957,0.520505863507907,0.011532059732595775
2.0104608210290484,2.131108009709574,2.3909342162033833,0.5403202635079083,0.011525542907389656
2.0400007626780146,2.2381138699236014,2.3820578163332518,0.4217666635079098,0.011564378433037677
2.144340167373902,2.3090345496345903,2.366495857385706,0.23050906350790967,0.01162624709708417
2.0062015730157654,2.1406847186254585,2.2562308115815233,0.6325442635079099,0.011495072540645438
2.083571873930797,2.183514225435311,2.2890383624058437,0.46093466350790635,0.011551589225834519
2.101338413295193,2.176023940577241,2.3059538503535686,0.4260546635079052,0.011562980290432262
2.1331802235140414,2.235819908175351,2.3161295448014347,0.34544026350791057,0.011589184056372562
2.1536984751431034,2.1640492100743596,2.3745038641694745,0.3582146635079084,0.01158504316122833
2.0802146276563414,2.123484050526966,2.329317473027401,0.46240666350790605,0.011551107791725806
2.0115586054684162,2.233677872405765,2.3603744990931386,0.4584130635079049,0.011552413809601907
2.021127869651592,2.070555433451031,2.3488111150269306,0.6226370635079093,0.011498356795686362
2.1315676524844482,2.2695711106465257,2.3735648037215062,0.3041730635079105,0.011602531736633588
2.0421731863945265,2.1570964458413853,2.333781522148945,0.506105863507905,0.011536789217092117
2.018117170666274,2.0530748943498462,2.32384612630136,0.6431170635079084,0.011491564718380224
2.00657042948198,2.146886609799879,2.2977574257727027,0.5670850635079105,0.011516723461854391
2.0269472786677643,2.2308723858115864,2.2794131307959837,0.4991938635079052,0.011539057404500726
2.0929749492700993,2.1101943919487307,2.2980714360413503,0.5370690635079072,0.011526612925442015
2.119831795218296,2.1369207973763795,2.301124669790138,0.45768346350790523,0.01155265236324187
2.051861137812737,2.0963282033777273,2.178985478533954,0.7003074635079045,0.011472537831216075
2.006355979574657,2.0671822173131713,2.092114980687762,0.869229063507909,0.011415818939626001
2.109150649149188,2.1940999853340966,2.380930385215457,0.3488962635079105,0.011588064198038806
2.1250127642409335,2.2745265499195377,2.2757344899412626,0.3227458635079046,0.01159652998844479
2.029019731874972,2.102234645375242,2.196729659322479,0.7085890635079082,0.01146977525133324
2.065402393169824,2.162643083530005,2.2579064927859323,0.5233730635079041,0.011531117378766277
2.2919961416376937,2.3144260251699253,2.3969784981995117,0.10385306350790557,0.011666692515969898
2.080646469101393,2.1334126426004225,2.2347351020556823,0.5417794635079076,0.011525062571128708
2.106143792930629,2.195873454311909,2.2645822774548603,0.42250906350790984,0.011564136401418745
2.256951280086807,2.3733926644408925,2.3748920902911883,0.10092186350790655,0.011667623628904297
2.1221344077565143,2.16634850226751,2.237644484066149,0.46642586350790793,0.011549792973999842
2.112464500175672,2.1400819253845667,2.353309867643282,0.4267842635079049,0.011562742349020704
2.0290780464808678,2.1670548808783408,2.262083646683984,0.5701186635079054,0.01151572262918316
2.0816079296337615,2.2627677192329707,2.3717468568826163,0.3186114635079065,0.011597866791634284
2.0464545229040647,2.2540235503421875,2.3321237450509944,0.38890906350791,0.011575075812178946
2.145021287279007,2.146308498222061,2.3936871763067313,0.37266586350790476,0.011580353539236985
2.046810532564554,2.1673864920686063,2.3608960716771095,0.4685378635079047,0.011549101894479262
2.04002567866648,2.3366901003729144,2.3999711459713633,0.35331226350790956,0.01158663281041197
2.0948632310147732,2.12704792627229,2.1842982232195083,0.5849282635079049,0.011510833162638541
2.159567912021319,2.2352551062715835,2.368363142415388,0.2806082635079079,0.01161013361758439
2.2672402807195624,2.308198967446152,2.3407329018421605,0.14040986350790519,0.011655061398740754
2.0878604146016895,2.1507649484558296,2.1798555685296908,0.5786178635079082,0.011512917293802698
2.175987372054384,2.2721759551478966,2.349942817976631,0.24976026350790903,0.011620063059326313
2.169736893923041,2.322496531825828,2.3932357135788407,0.18373786350790766,0.011641231136733626
2.104003080429505,2.197263567033364,2.247125389815702,0.45814426350790427,0.011552501699430336
2.0871776081640907,2.099938516101641,2.2635421786963987,0.5504578635079085,0.01152220465718031
2.09689701451635,2.139149444022177,2.3612419234846063,0.45509786350790904,0.011553497650010668
2.0404118115378624,2.3374100709405283,2.360952932142069,0.33523866350790854,0.011592487879396636
2.172434549770264,2.1946057627955033,2.3272039184926987,0.3235778635079072,0.011596260918064188
2.0111679680730683,2.2162789416562676,2.35302414856657,0.49261466350790784,0.011541215199717026
2.0185651289481332,2.2700635225359975,2.3246107146985473,0.4263874635079077,0.011562871757502704
2.212320242735463,2.352612311205324,2.3558964897573063,0.15327386350790562,0.011650960297627308
2.02390040045023,2.2037585801513435,2.3236890419945033,0.5015234635079082,0.011538293083670685
2.06429455507703,2.134286072024338,2.3443214329857756,0.49892506350790455,0.011539145586055089
2.033881357821069,2.2818929350688095,2.391674833720185,0.37608346350791066,0.011579243673848735
2.1514912077383386,2.2886927579976173,2.319329632684097,0.27821466350791013,0.0116109049668113
2.1208621836526262,2.211900818311994,2.3112900858458536,0.3465794635079078,0.01158881495261564
2.1327135566612663,2.2889284397607224,2.3426196417701117,0.2804034635079091,0.011610199621244948
2.1192994437133543,2.238631977757909,2.2987648716398574,0.3642690635079049,0.011583079091451587
2.123035505005323,2.165852618104197,2.211960647090899,0.48242586350790617,0.011544554567865151
2.0530580844053583,2.11228614403289,2.150999201614403,0.6801474635079074,0.011479255039126226
2.0792298663108015,2.2298189907645467,2.393819865206306,0.3695170635079066,0.01158137583917011
2.059951642767117,2.1451824077369315,2.2355128903442596,0.5708994635079065,0.01151546499096195
2.0065221222927114,2.1190035193391066,2.2959094416638517,0.6116546635079061,0.01150199439095103
2.0797004068292204,2.273640956569891,2.300472356571033,0.3740098635079079,0.011579917112077821
2.146647610141628,2.2342684238261654,2.3757308412259106,0.2798914635079086,0.011610364625593759
2.2510336659875696,2.255656379450483,2.344006715422594,0.17751706350790641,0.011643219803574661
2.1460567406511375,2.1569789282530616,2.267978451229378,0.42453146350791116,0.011563476999853103
2.057233686940378,2.196807113466181,2.3856313041123784,0.43971226350790715,0.011558523854255577
2.0503971868669018,2.1915434693815374,2.228796394822418,0.5425858635079095,0.011524797097701015
2.0109628135454987,2.0343106469803427,2.2995025968232974,0.6955970635079112,0.011474108298483832
2.0786187593084082,2.1695012448794513,2.28944105282424,0.4816578635079054,0.0115448061669956
2.1264209284429394,2.2326077593286677,2.272543862468283,0.3739970635079075,0.011579921268751682
2.2323908230400455,2.3376086455337113,2.3600704191946407,0.14238106350790503,0.011654433249170716
2.144136334085622,2.2429449732022726,2.3495317251369174,0.28620186350790533,0.011608330468100342
2.021130131424628,2.221368906079827,2.3333414632606178,0.45784986350791,0.011552597957516186
2.0418650351899688,2.187012559308419,2.371203133369637,0.45525146350790635,0.011553447439916197
2.0935903239570424,2.292037431183917,2.387440120090039,0.2584386635079099,0.011617272145387913
2.107344922914135,2.1554303956910386,2.276731833566516,0.4472514635079108,0.01155606171559957
2.243690491059909,2.2779592292142636,2.2842379299013804,0.2163138635079065,0.011630800814404407
2.067194898548384,2.1232947558416546,2.3101034864965646,0.5265986635079045,0.011530056968197006
2.151380682462176,2.2893907465843806,2.3581098670346567,0.23715226350790886,0.011624114202959432
2.007955430610074,2.071108791222136,2.203586528268893,0.738233863507908,0.011459871055979006
2.0211567039299654,2.338608493092818,2.3841122627596865,0.346093063507908,0.011588972551656132
2.0124178931875463,2.1036905019735204,2.369316517658705,0.5734466635079087,0.011514624385361695
2.122291520076878,2.1936711402176767,2.3756532603421516,0.33742746350790753,0.011591779259679613
2.1145209245916816,2.308284869267416,2.3839769008285496,0.26424986350790647,0.011615402203532653
2.0584939439912326,2.3044477827881296,2.3624066653484626,0.3259586635079046,0.01159549086235933
2.2896756297183205,2.3374803679587153,2.351113573282163,0.09074586350790526,0.011670854375776408
2.114419681499896,2.247613868658061,2.3924729020100526,0.3021506635079092,0.011603184723124283
2.278614869083783,2.3266363795733396,2.3410513501805674,0.1086914635079097,0.01166515508487628
2.1096941892841095,2.1271335388666155,2.3567046446701245,0.42994586350791053,0.011561711106578096
2.0204489893019257,2.186449338507697,2.2860576819327334,0.5520834635079055,0.011521669101006415
2.1860738041463854,2.335954719731893,2.347380489805232,0.1835202635079085,0.011641300716109004
2.080471222301363,2.343484212480285,2.380202061359651,0.2990530635079054,0.01160418465907726
2.2182960774933624,2.224207069098715,2.3891386561977765,0.2205634635079079,0.011629438123940105
2.031910734021798,2.07491207418994,2.3649630127638703,0.5852738635079078,0.011510718990697662
2.043239242289644,2.146159538546938,2.2300301659211352,0.6004802635079045,0.011505692248274331
2.137168643543813,2.187107976279093,2.339239929602096,0.34218906350790945,0.011590237265812315
2.3100659569025974,2.3223308936421563,2.3231706256920224,0.10508186350790538,0.011666302114492986
2.028563755688714,2.032720040948439,2.3441767781045555,0.6566082635079056,0.011487084253498066
2.246273586673434,2.2610375142353565,2.318623737586933,0.21605786350790623,0.011630882889175855
2.2664873015417006,2.2814581488452426,2.3789271104069027,0.11859866350791037,0.011662005126595867
2.012824177043614,2.187064915275778,2.3968720873895464,0.47624346350790603,0.011546579495393481
2.006308117854801,2.179778328893461,2.2987700830568483,0.5263810635079054,0.011530128512575039
2.0547600420626817,2.1570534938676524,2.3315214160377575,0.46331546350791086,0.011550810529743103
2.187686954561206,2.224936181538469,2.302467507490692,0.2988482635079066,0.011604250761680188
2.0612833871754983,2.133687395193524,2.3314336079674876,0.5035074635079084,0.011537642036996469
2.1948294798068457,2.2890978839093936,2.308591462626305,0.2261698635079057,0.011627639638064914
2.238333259393804,2.2943061682653534,2.3027657171831897,0.20155546350790843,0.011635529640136068
2.200648598238653,2.3529913618578657,2.3812183990163387,0.12846746350790994,0.011658864857385697
2.0910824866612514,2.1705699778520073,2.345832054083654,0.4321346635079095,0.011560997014319488
2.174520794141504,2.2494372581599813,2.3941879049144674,0.22812826350790516,0.01162701120686908
2.0849976513996884,2.189097137572181,2.2015554821403764,0.5301058635079059,0.011528903666604771
2.127009155702529,2.248587120998242,2.353395857886104,0.32568986350791107,0.011595577811589276
2.184306712711869,2.29780521362815,2.3881491553563414,0.1945666635079064,0.0116377669862624
2.0273912398627547,2.0709555285691272,2.1089353441140672,0.8031554635079061,0.011438097408500988
2.0620776797034517,2.181530272967092,2.2811465198924608,0.4992194635079059,0.011539049006156994
2.0614593393313894,2.32257699222285,2.3821570183334893,0.3298114635079088,0.011594244381447086
2.1035868048129074,2.140841810229196,2.372939491753078,0.4302018635079108,0.011561627593572916
2.0654836342536274,2.0721891381921287,2.1235431491719488,0.7461698635079088,0.01145721561793695
2.2578321517245743,2.3094724633672077,2.3825156362118487,0.12320666350790788,0.011660539166180123
2.1358837682669254,2.3004914238145844,2.365316717142299,0.2518722635079058,0.011619384035680514
2.098803711558709,2.099121433422716,2.103178677377357,0.7138242635079095,0.011468027930583916
2.086546986627879,2.1322859688709275,2.237788646963922,0.5422786635079078,0.011524898232487066
2.17066001796314,2.2672034047298273,2.2850764516978304,0.2780226635079046,0.011610966833248318
2.1000662142194155,2.2944197380152116,2.3448754455512337,0.29747866350790986,0.011604692794577178
2.061266381022405,2.1446505342507254,2.353882672072586,0.46208666350791106,0.011551212456212889
2.253635351404036,2.3620996643576024,2.3935353380540416,0.10862746350790786,0.011665175425208249
2.040155530453157,2.2534060072956525,2.384511401157405,0.39212186350791,0.011574031086712955
2.052386029318147,2.060660019115034,2.338062976066743,0.6160194635079108,0.01150054906893878
2.0605965634086387,2.095574782492959,2.165318883649971,0.6798786635079068,0.011479344527508855
2.114968042659426,2.218533957898377,2.2334957775581494,0.4389698635079071,0.011558766224383395
2.067778219465713,2.169169800181244,2.334825299643748,0.4544450635079045,0.011553711035921585
2.034456010919617,2.3150472513825244,2.374888470356376,0.36288666350790777,0.011583527632224987
2.062434304198374,2.1370655913517265,2.2647059224276997,0.5098306635079055,0.011535566387715688
2.2100517792138565,2.2532326660021793,2.2895845944336597,0.24471706350790612,0.011621684014512232
2.209946193560014,2.2593896156786863,2.312271972218044,0.21402266350790455,0.011631535322915564
2.1429987183691805,2.1650062431296653,2.277571489848396,0.4138562635079097,0.01156695641545367
2.022400140557918,2.051880836892911,2.1415962182000747,0.8143298635079077,0.011434338077664311
2.122725066342594,2.16885259434056,2.382343241675053,0.3729602635079061,0.011580257944982054
2.14773892308611,2.1820038787103186,2.2983916260529553,0.3852866635079053,0.011576253402771375
2.068846200037338,2.3777814959591286,2.378514177496059,0.301472263507911,0.011603403738875381
2.0274222690321095,2.122703040694794,2.2774838125965697,0.5893954635079055,0.011509357137318217
2.0541808517822315,2.254878863745468,2.375169016429374,0.39500186350790756,0.011573094348038241
2.08626179079782,2.0982985886572267,2.3090053244987847,0.5182658635079065,0.011532795793751598
2.2610870286392775,2.37483151003781,2.391771907969205,0.09888666350790487,0.011668269991835116
2.0900093048307156,2.257999762266999,2.3376038849196465,0.34727066350790636,0.011588590985373742
2.0624433574724548,2.1069484474180653,2.2150675779526248,0.625734663507906,0.011497330219854005
2.065909092108818,2.308954717561746,2.3582479034216774,0.32355226350790645,0.011596269197423938
2.030288154507352,2.295539267833902,2.3788434787503925,0.3432514635079045,0.011589893137413567
2.088222069895451,2.2096597731763783,2.266779416443377,0.45119386350791046,0.011554773612904882
2.118170424786626,2.1807511814088545,2.3897343571566547,0.3668546635079082,0.011582240018870137
2.1676903908162855,2.221986918047688,2.385078636701167,0.2821314635079091,0.011609642680913298
2.103420792039359,2.242418374232949,2.2816737027897482,0.36850586350790593,0.011581704083278806
2.0591409040909814,2.1218785031202536,2.2379867857272795,0.5953346635079058,0.011507393912344885
2.163227340880702,2.264859265679909,2.3483299701211577,0.2511682635079069,0.011619610389835418
2.044405386169932,2.3087472567026452,2.3516129956467764,0.35948186350790934,0.011584632156775953
2.1489695530481367,2.16013386544813,2.2704892405362793,0.43073946350790493,0.01156145221060828
2.071823120225551,2.328271990811106,2.396794405737689,0.286931463507905,0.011608095214296777
2.0081556827507785,2.3148009959096676,2.3849817283833383,0.3785026635079092,0.011578457852536823
2.141709490043939,2.182426475908613,2.3719501418679347,0.3458626635079085,0.01158904720166011
2.0007824672785546,2.1570017241420936,2.2662646110258544,0.5981378635079082,0.011506466974666047
2.150766103038445,2.327595608461429,2.3531724578015023,0.21306266350790537,0.011631843037257426
2.2059205171409806,2.2454546820710957,2.301371564629404,0.25427866350791106,0.01161861021830337
2.118015111592549,2.1709404300544866,2.329066380991822,0.3792834635079103,0.011578204194704372
2.127691160084166,2.21667223137334,2.2233180272732977,0.42190746350790675,0.011564332531610981
2.241097440931654,2.27407648096803,2.327020464387082,0.1876162635079055,0.01163999078044226
2.1220886615486694,2.3007239150969228,2.3476452162476966,0.2742978635079112,0.011612166851265704
2.071117847763447,2.103470802483628,2.1403235924900996,0.6942018635079066,0.011474573348561013
2.0132087344052065,2.034846554874193,2.275539952209659,0.7256770635079093,0.01146406914307123
2.1706368291614075,2.205114889657877,2.2986363662216065,0.33884826350790576,0.011591319211028364
2.0083633591686483,2.1927702940217433,2.2765200807412724,0.5461186635079045,0.011523633866143142
2.0925088140701327,2.100917948909043,2.1756062674917307,0.6351554635079069,0.01149420648238916
2.062875422968764,2.174164585649695,2.39573816087608,0.43418266350790446,0.011560328742816914
2.13885097450355,2.362199907060017,2.3649519574561673,0.19939226350791017,0.011636222287710525
2.027231646317512,2.1986225346875687,2.3181935051133955,0.49828506350790747,0.011539355534384206
2.1906863343999228,2.223426480208761,2.262335795011036,0.32963226350791075,0.01159430236595282
2.0899983275183356,2.1715525596099545,2.3301898629956845,0.4302018635079108,0.011561627593572916
2.1255667414611623,2.2878344962976267,2.3816893044143117,0.26071706350790436,0.011616539101541782
2.0949311474088117,2.105383365431808,2.117411939143781,0.6760642635079108,0.011480614199428042
2.1539910072596573,2.320173212407851,2.3602214044171803,0.24205466350790772,0.011622539479509843
2.0463544265372215,2.1563416176560977,2.19323367593083,0.5960258635079043,0.011507165371991148
2.0665822688048676,2.182878908690181,2.3296499989452193,0.42917786350790976,0.011561961635172417
2.0975230139923373,2.3382774640377755,2.3764011967480414,0.2715458635079102,0.011613053229378882
2.0749684883016344,2.2356028793771894,2.358012138324693,0.3937986635079085,0.011573485723293406
2.2709798546024715,2.2858075159846822,2.295584973308528,0.19537306350790828,0.01163750889573218
2.1033829924798795,2.300245911768022,2.3347741374594704,0.3171394635079068,0.011598342634886549
2.121719286364385,2.166108966850315,2.381038443959793,0.4022594635079102,0.011570732794361188
2.1324591551008623,2.2779495468661426,2.2962303641647592,0.3060034635079063,0.011601940650063177
2.238101360884054,2.3141051932677335,2.355358184033937,0.12529306350791103,0.011659875231473757
2.223744190689906,2.2425754260116095,2.2646451100128795,0.2810562635079066,0.011609989230749735
2.1348663512987387,2.151447265486945,2.3191692703403115,0.4118338635079084,0.011567615245403064
2.1176657565473636,2.144710357434375,2.385137727804614,0.41841306350790575,0.011565471566394552
2.221418713941472,2.233768008587226,2.300729267473972,0.25578906350790476,0.011618124447171004
2.040009830243818,2.0536501536298135,2.3856994052729794,0.59918746350791,0.011506119847750136
2.029491052163172,2.2092796072573084,2.218897770463538,0.5738690635079067,0.0115144849716273
2.00769910611876,2.185637716554652,2.3092048575214985,0.5130434635079055,0.011534511347479666
2.065990613943818,2.14779697044081,2.2108083826888723,0.5709122635079069,0.011515460767248319
2.2468474378387113,2.275065104475292,2.3916595749119987,0.14188186350790488,0.011654592335516138
2.1285021161280677,2.2536257213043305,2.257880201347632,0.3494850635079061,0.01158787337601768
2.1699292708092437,2.177256891236011,2.3195062421766384,0.3706562635079109,0.011581006012876635
2.0569835854365057,2.1881893402870793,2.2623141497881547,0.49722266350790534,0.011539704024504289
2.0762593789963613,2.1804611057673418,2.388820058653351,0.4166466635079047,0.011566047219191794
2.0289884890947576,2.0784155463112,2.3074250116540043,0.6367042635079088,0.011493692704082738
2.2125725008188173,2.3055323295189156,2.370997701769275,0.1576514635079107,0.011649563721897661
2.02926749788694,2.2394751664531354,2.3371139604377236,0.4472514635079108,0.01155606171559957
2.1736902640224645,2.2087832180454945,2.225158674877496,0.39190426350791085,0.011574101853619779
2.034591276324659,2.2888063948029966,2.3682632602875016,0.36699546350790513,0.011582194321739289
2.0908602965708427,2.1127496045512686,2.2846073495434362,0.5313218635079053,0.011528503722509261
2.0668458296936314,2.0761883324883836,2.2975361735031012,0.5783106635079065,0.011513018725232717
2.087583153599915,2.1204572821251166,2.291686922507786,0.5251138635079045,0.01153054512822695
2.1011210590413887,2.3058399762064505,2.357102725061968,0.28654746350790816,0.011608219033825681
2.1397801398563145,2.2604823935918943,2.3010371861759,0.32028826350790496,0.011597324674788889
2.2046823886823277,2.2092394547101444,2.227929913078875,0.3600834635079053,0.011584437018640394
2.002755169281024,2.205322084938547,2.2057874810983074,0.5903298635079111,0.011509048330704149
2.0080634176075254,2.0772044398833533,2.0946715450584663,0.8574914635079054,0.011419785342623168
2.054412906460998,2.0925704682798125,2.1320197459417005,0.7254722635079105,0.011464137577861981
2.091813883918154,2.268800463099429,2.3260699902857604,0.34120346350790953,0.011590556490908118
2.1080210304771603,2.164407635942153,2.193825365722874,0.49912986350791044,0.011539078400283618
2.0839069187246224,2.088877621783151,2.18824318091583,0.6326338635079054,0.011495042826006757
2.1206501012680956,2.1878185466158464,2.1966048299449543,0.47393946350791083,0.0115473338666206
2.185850329419197,2.1866779352325985,2.3736652382986456,0.3022786635079058,0.011603143398044493
2.0024729258899736,2.040690328456645,2.0422884764106515,0.958291463507905,0.01138559885276163
2.0781895200419944,2.111641081252734,2.2752298020807675,0.5614786635079057,0.011518572452585932
2.2475575618057206,2.2810194378893067,2.3607979672457793,0.16245146350790662,0.011648031818202169
2.017213142174291,2.0801397105584245,2.1627270107438092,0.7442882635079044,0.011457845368814645
2.122552385428044,2.283015516371191,2.3253237626081553,0.30733466350790906,0.011601510713728282
2.0636316494299574,2.2256271273094277,2.338690034934534,0.4076738635079096,0.011568970093320832
2.1527647990769774,2.1648859103356597,2.2543419564672544,0.42377626350791076,0.011563723244758014
2.003954024123567,2.021811471235145,2.0712246906690295,0.9423554635079086,0.011391022274546784
2.0054887127192575,2.006709206897103,2.02900973819491,1.024902663507909,0.011362852971469254
2.1692596833852233,2.213518308644433,2.245098577978916,0.39560346350791065,0.01157289864606531
2.058445916976548,2.081045909581374,2.1108549245576262,0.7681858635079095,0.011449839935555156
2.069616208383312,2.128226686783248,2.373278486676161,0.4976834635079044,0.011539552875857798
2.12204710930429,2.1458242820668425,2.3493472163877347,0.4029634635079091,0.011570503645402803
2.0600137770834337,2.1709160766055504,2.3748031212383527,0.4540098635079062,0.011553853286907912
2.1515883704191845,2.2825617935787106,2.394709512941579,0.24374426350790657,0.01162199660970441
2.2974981028418817,2.3305116008488382,2.367424647012154,0.09328026350790708,0.011670049986525335
2.2319204680546707,2.3385100575525595,2.3694099872468963,0.12901786350790445,0.011658689645064117
2.1606246825067887,2.3376928367837393,2.3682792995742807,0.19026586350791064,0.01163914318371823
2.0248365351513504,2.2793606412812597,2.3833177552607743,0.37691546350790617,0.01157897343526343
2.057761784467627,2.3923774902548343,2.3940102789388895,0.29075866350790847,0.011606860935280076
2.267016251513198,2.3029488733332744,2.3325026566481215,0.1421506635079055,0.011654506674439067
2.1102390823302852,2.3301139290525557,2.3443400893698527,0.26930586350790975,0.011613774553711851
2.311028072133988,2.3209797265201337,2.3437444519534507,0.08004506350791019,0.011674248861747987
2.240256637819374,2.2502938880499337,2.2757062004880533,0.23008666350790463,0.011626382675728845
2.146293226166407,2.248951332646954,2.3579530481868045,0.27717786350790874,0.011611239034111685
2.171210451004342,2.309873923538247,2.369285634533156,0.19820186350790436,0.011636603396908684
2.1211666510464795,2.133628429860821,2.2444920003807547,0.5140674635079066,0.011534175021780068
2.0105992374857875,2.0996402010465007,2.1504069707466686,0.7611842635079071,0.011452187007152686
2.0077405334906575,2.038003721428511,2.341829402292288,0.7025602635079053,0.011471786525433604
2.224029238716149,2.2955271564798805,2.310104679066196,0.20799386350790883,0.01163346737135971
2.0868661520819543,2.2210587710694867,2.3364747766465,0.3837762635079045,0.011576744309923961
2.0767929985765368,2.1801427056094496,2.208363506034501,0.5321154635079068,0.011528242685046156
2.0720315230800703,2.2916558996415857,2.306085176033044,0.3685186635079063,0.011581699928458564
2.0560219674334297,2.1183324847758116,2.2440807343954936,0.59103386350791,0.011508815652691348
2.020008935707704,2.12202471309872,2.1406237847057605,0.7348930635079043,0.011460988397009363
2.12856321885384,2.152027311369168,2.307213773093272,0.42866586350790925,0.011562128645551326
2.0807860385375063,2.194732854480809,2.313613300654468,0.42183066350790455,0.011564357568817907
2.059499634959309,2.335322335591274,2.3383414082661136,0.33476506350790913,0.011592641189892913
2.1349487155961158,2.2035512787380327,2.326250778078315,0.35999386350790985,0.011584466082371299
2.212965508136793,2.2851785229210897,2.310701683994186,0.23166106350790727,0.01162587731350741
2.120127605487053,2.2067584203166106,2.3207880983859495,0.36718746350791065,0.011582132006627692
2.3281856683985227,2.3511140415017646,2.383937363689233,0.067718663507911,0.01167815536380404
2.0879010281704753,2.1477267440678847,2.356501133839847,0.4496194635079078,0.011555288067037562
2.3018534306097327,2.3647999706194383,2.3773311597540543,0.050989063507905996,0.011683451084968367
2.268670082686097,2.2760405723566746,2.336997456031414,0.1717570635079042,0.011645060266345571
2.0010599903595003,2.0765366080670655,2.2446572130440594,0.6998210635079047,0.011472700026893193
2.212452328215098,2.2650367219819914,2.335732351900242,0.22042266350791095,0.011629483280855104
2.018010862923224,2.0204723089259677,2.22841620607878,0.7796546635079054,0.011445992481641291
2.0578649033893273,2.171070755927447,2.221157486421502,0.5470658635079104,0.011523321928431165
2.0088060942029515,2.0199120638370887,2.254574298130161,0.7690562635079061,0.011449548067191333
2.0375073199829505,2.185183981521047,2.216480090969221,0.5857090635079061,0.011510575214060943
2.1517006122716267,2.2170704063920166,2.3481065928674862,0.3250754635079076,0.011595776545558448
2.089709410913619,2.1666298093856358,2.3262334416552557,0.4362690635079076,0.011559647826875304
2.0508602415596933,2.2703284888715447,2.3992217952718216,0.35678106350790983,0.01158550808496407
2.1750555660824915,2.2850501039793967,2.35957901619681,0.22340506350790434,0.011628526664931074
2.057745299458472,2.1802700232933225,2.3119357907953755,0.4771650635079112,0.011546277707356332
2.0512247334694007,2.1098855058068042,2.2460740444806846,0.6147266635079092,0.011500977208980523
2.175185455910338,2.32054734413081,2.379849894056837,0.18533786350791104,0.011640719485924933
2.104042235401981,2.1426893204306667,2.3130727074273394,0.47643546350790444,0.011546516624749415
2.005191266752157,2.241091530273328,2.352808553293615,0.4496194635079078,0.011555288067037562
2.004220321488111,2.0359138316041823,2.0683632102267313,0.9266882635079057,0.011396347356235998
2.03131785510314,2.28644189444488,2.3656319651703175,0.409453063507911,0.011568390691324183
2.0346845219511365,2.134672721107153,2.2714773562520922,0.583059463507908,0.01151145048127131
2.166045754807024,2.247023237908896,2.392783334583869,0.2639682635079055,0.01161549283780121
2.0910641609989513,2.102073095685917,2.372047041294381,0.49435546350790815,0.011540644377809281
2.303884295213394,2.3313054535842106,2.3863870810487064,0.07575706350790767,0.01167560826492309
2.051907251106897,2.306051774075833,2.307006198172205,0.39143066350790434,0.011574255871387154
2.2079095534536166,2.32244846850962,2.3260205093441995,0.18230426350790907,0.01164168951940073
2.0557252273542233,2.0651734531740584,2.090093842869523,0.7987010635079059,0.011439595020422423
2.113498146065155,2.1878170040736427,2.369232727824228,0.37243546350790524,0.011580428350537584
2.0065884792415574,2.0192315877287537,2.29225252664445,0.7392834635079097,0.01145951995126628
2.127048759747947,2.2160073183896007,2.358921691878735,0.32562586350790923,0.011595598513507102
2.113131410822817,2.2531085022767336,2.3305042150491193,0.3157442635079093,0.01159879359902489
2.0129222364175954,2.3396974228290586,2.35623273609012,0.36905626350790754,0.011581525422107608
2.2136709865079442,2.276278123645691,2.2953014710400406,0.2266818635079062,0.011627475351975574
2.0434501666537797,2.0439804087673834,2.0907860916830647,0.8589122635079107,0.011419305423520083
2.0954034982458003,2.1638636136296405,2.3129581663163354,0.43045786350791104,0.011561544078830803
2.246649378539149,2.2796843923778543,2.3715156623317935,0.1642050635079073,0.011647472013800977
2.041082642068938,2.0847811073352576,2.2555074725881212,0.6349762635079088,0.011494265923636742
2.057348042475162,2.163050154797951,2.25986081628364,0.5220674635079092,0.011531546513543411
2.12291227576929,2.1538363453857645,2.2531906995164253,0.48625306350790964,0.011543300531420813
2.009212561866598,2.302480568428782,2.3387778722555654,0.4252610635079108,0.011563239087884253
2.0289464029563544,2.2867319346676376,2.3805092904277507,0.3976898635079067,0.011572219860862546
2.0344405456803596,2.1549224957385835,2.2527473588788056,0.5614402635079045,0.011518585114000765
2.0050481629504775,2.0497307600206964,2.3121891472700518,0.6719938635079075,0.011481968649858395
2.119419913730803,2.149573713680407,2.1981251974362137,0.5269826635079085,0.011529930710325664
2.1278080518037377,2.1304750039791363,2.2966186294585924,0.45795226350790585,0.011552564476704002
2.0487451487732313,2.197625167740004,2.211846513434866,0.5520706635079051,0.011521673318260572
2.052189455732674,2.0905123726377632,2.3509713067164615,0.5711682635079072,0.011515376292052779
2.307461860726475,2.3653936736364347,2.3671233990562133,0.08291226350790737,0.011673339623622504
2.018301160490464,2.0599873898847982,2.24264313460779,0.7150018635079078,0.011467634787688117
2.0844258046230526,2.3242414312514446,2.3308603880018066,0.3080002635079069,0.011601295728129683
2.235266257169221,2.2532864891529734,2.2862931703355356,0.22864026350790567,0.01162684689465205
2.0887290016888653,2.2368427916522804,2.2975454178725787,0.39850906350790893,0.011571953312518079
2.2850367339507422,2.351961221126569,2.396131219859383,0.0681538635079093,0.011678017506105247
2.1036109465561204,2.167003042338573,2.3011132305969375,0.41512346350791063,0.011566543549119361
2.0096003178083723,2.0408137162139384,2.190697353263637,0.7995330635079085,0.01143931533529461
2.263819862830329,2.271066533452543,2.2918999860203253,0.21720986350791094,0.011630513539268365
2.2781224063355268,2.289185635640445,2.341509893052137,0.137261063507907,0.011656064597956477
2.033452401254754,2.2747027991281104,2.286486183135628,0.4245186635079108,0.011563481173621422
2.0541900217271696,2.218885650548764,2.3274917713480026,0.43136666350790875,0.011561247587467842
2.0265030094006904,2.164837415260178,2.3124185946039297,0.5311042635079062,0.011528575294356401
2.0938309934298514,2.1911638014474386,2.3733976936301215,0.37306266350790906,0.011580224694270575
2.00641094879966,2.0313921239641974,2.1261211821733577,0.8718018635079048,0.011414949025074212
2.28466329816034,2.3170819403509477,2.343521490634761,0.12497306350790893,0.011659977069252479
2.0027501736785895,2.112432614228652,2.2339968372116306,0.686342663507908,0.01147719200269845
2.088163454803832,2.231136631827954,2.2493219593000724,0.4374338635079056,0.011559267633410754
2.2655567691526595,2.371376318574001,2.38323093611749,0.06975386350790558,0.011677510634454444
2.1402891911759268,2.1627576398246178,2.3451640349749194,0.37001626350790673,0.011581213784669584
2.094477987918633,2.121803058839562,2.3957571356672354,0.43975066350790826,0.01155851131747202
2.02942862696101,2.0637721420135016,2.3197870731251844,0.6142658635079101,0.011501129802473082
2.1562461621207127,2.2983560925020234,2.349539270451978,0.24455066350790844,0.011621737486493177
2.0017295433283437,2.039101004529583,2.2626993525245247,0.7382978635079098,0.011459849648013451
2.208010874637691,2.267735249447367,2.292207401963099,0.2311362635079064,0.011626045774759912
2.1386053005700645,2.1556416053494103,2.376860456889777,0.37123226350790617,0.011580819009027781
2.269921297716333,2.2717863237412956,2.3546437845732244,0.14200986350790856,0.011654551544760217
2.093193566110623,2.168116094508869,2.293359875453838,0.45041306350790933,0.011555028756919683
2.096175740197178,2.2520593928465282,2.2759029862851765,0.3951810635079056,0.011573036054833662
2.0290686745719033,2.099503937621448,2.31457089505243,0.598905863507909,0.011506212982269228
2.1034962659354224,2.2850650483568598,2.382571481445991,0.2833858635079096,0.011609238334524178
2.203052625953592,2.305870835783817,2.349567202634008,0.18273946350790737,0.011641550373159885
2.0943284144812284,2.2193886245456067,2.2495499095829694,0.4541634635079106,0.011553803081251797
2.0321940168766046,2.1317005890577456,2.211086154682336,0.6235842635079081,0.011498042911511366
2.0685725837804787,2.1403446213526585,2.378455664489052,0.4677186635079096,0.01154936996364499
2.023220377603882,2.2400312076515436,2.3079475634383657,0.45445786350790485,0.011553706851992898
2.0123040481325627,2.2807852384598633,2.289634662379525,0.4585666635079093,0.011552363585980966
2.0512089601852006,2.246360901103926,2.3093193266890557,0.4447810635079108,0.01155686866061079
2.054094182014202,2.0932426925755547,2.2479744528874317,0.603565063507908,0.011504671755070016
2.2121146142158996,2.2776296627054498,2.2858345119449694,0.21665946350790932,0.011630690010756605
2.0405067460242163,2.0957316107610677,2.340562813110643,0.5800258635079061,0.011512452367336515
2.072579928541618,2.1451353721592303,2.203481730717952,0.5918786635079059,0.011508536421497196
2.1420135223338064,2.2041145547954155,2.275216727841051,0.3736130635079107,0.011580045966957851
2.0089822731941207,2.016788348955158,2.327121231419605,0.692947463507906,0.0114749914219245
2.1643536160294254,2.2803914334509265,2.3147979211450718,0.28233626350790786,0.011609576667989785
2.2658395728928866,2.341292696789524,2.3500567986324703,0.12086426350790447,0.011661284431263515
2.026960271361773,2.2120123424670948,2.219436169061645,0.5579458635079106,0.011519737137333095
2.064934951136588,2.220223020984883,2.2986599085945247,0.43255706350790746,0.011560859192423561
2.055993645474671,2.2308688822244003,2.2866298538704664,0.4410434635079099,0.011558089222933743
2.255401638770748,2.342741615127103,2.344579580349453,0.11109786350790785,0.011664390211689682
2.037957257224346,2.1571052781804307,2.2095107826549376,0.5991234635079081,0.011506141014873525
2.037555903610654,2.0574622194701564,2.3342670004215584,0.6284226635079051,0.011496439180024763
2.057921790505143,2.3674289557378327,2.37685960265741,0.3010370635079056,0.011603544233192667
2.084789963490763,2.263011318984672,2.282693543929127,0.3800770635079047,0.0115779463620605
2.2065288764740307,2.2337750815335684,2.3903625190093805,0.21923226350790515,0.011629865041412097
2.016257880126969,2.0256172125188745,2.187883342366824,0.814765063507906,0.011434191596960486
2.015327999397644,2.034035218189509,2.167473372154477,0.8266818635079076,0.01143017859339037
2.005702879979777,2.018461989669569,2.37026986446623,0.7144130635079051,0.011467831363843857
2.157671491103145,2.1850297964885526,2.3968110642711093,0.3149122635079067,0.01159906249827266
2.2358546907533667,2.2978782426111914,2.3438242652343826,0.16410266350790437,0.01164750470530043
2.011464897291262,2.098045933895552,2.3382389383668345,0.5978306635079065,0.011506568567184397
2.0612676065844546,2.198166561898957,2.3466619753007416,0.44165786350790626,0.011557888608007072
2.068991245408536,2.099955731489451,2.2321545240206877,0.5921346635079061,0.011508451802197554
2.1430676865709666,2.336049033578363,2.3889311763441783,0.22896026350790777,0.011626744196047319
2.147054598677843,2.17063523867144,2.274004416527124,0.4139074635079112,0.01156693973480955
2.0024720973300334,2.152988910685075,2.185344733932041,0.6729154635079055,0.011481662021103749
2.0553566864607595,2.0610210425021775,2.2838852981952416,0.615571463507905,0.011500697439395254
2.102163165267421,2.126092984614051,2.1912884760420277,0.5875522635079093,0.011509966221319817
2.077042979811285,2.0908608971241076,2.152801766265289,0.6660674635079076,0.011483939894099727
2.0273573938579674,2.2000582990229027,2.245076804257656,0.5571650635079095,0.011519994504416823
2.045137597750885,2.2335406887117486,2.308508264969988,0.4276930635079097,0.01156244594613299
2.0605389393438682,2.181391162582597,2.3328985305104304,0.4620994635079043,0.011551208269685656
2.0894541203368813,2.2477973689485506,2.2923268759495725,0.3785026635079092,0.011578457852536823
2.0589675919335533,2.2903475558868425,2.329598733300128,0.3764290635079064,0.011579131423115455
2.073195432977728,2.2906399243052773,2.2963629377476633,0.37083546350790897,0.01158094783483902
2.0554580471819714,2.2404000614328137,2.366922897484914,0.39282586350790893,0.011573802126385268
2.0034231278871766,2.1500198772147443,2.384936547948684,0.537133063507909,0.011526591864822595
2.1398229206635735,2.2970504479482337,2.362932437968232,0.24795546350790687,0.01162064322362463
2.0415645287120068,2.153795798527303,2.3667510470057245,0.4847554635079092,0.011543791287780155
2.0017442831564503,2.0848171572094887,2.160389803965394,0.7905730635079067,0.01144232633289322
2.04585565545029,2.1175057494509195,2.1372252257768616,0.7282370635079047,0.011463213611970894
2.108508673706791,2.2815401979628356,2.352632418042917,0.29868186350790893,0.011604304469235521
2.062743513719417,2.1277233387843486,2.240314494731354,0.5638978635079042,0.011517774703771997
2.1280245667690467,2.290054729483121,2.398457480093666,0.26071706350790436,0.011616539101541782
2.10205313081438,2.1819232155977577,2.284444086546626,0.44992666350790955,0.01155518769091084
2.0634697371673827,2.1466876654570703,2.256344508160799,0.5305282635079109,0.011528764743136152
2.0542749461901413,2.2908180250680372,2.3493353305005544,0.33933466350790553,0.011591161704696908
2.1152813468230467,2.1353267711132755,2.173290379631767,0.5652290635079069,0.01151733566396342
2.009998958159964,2.072440353417262,2.3093341048623577,0.6453698635079093,0.011490816899096878
2.15322344853309,2.178262268061362,2.198464747176955,0.4400450635079096,0.011558415200831998
2.1106162353408093,2.3195762423468373,2.3761813432789616,0.2512834635079102,0.011619573350950109
2.0692262968858555,2.309697018263964,2.375917046138175,0.3284546635079053,0.011594683385996401
2.0705390551013583,2.1001716497352794,2.3650994438122517,0.5000770635079093,0.011538767651545375
2.0958522669515682,2.120386806712012,2.393778569923609,0.4468162635079054,0.011556203883468862
2.142785195978448,2.202611951609687,2.2175513857933646,0.4285762635079067,0.011562157871653406
2.0743078493132416,2.2455353952622454,2.3001199932421605,0.4057154635079101,0.011569607755539174
2.0701732581433068,2.2737624183080856,2.384464745386469,0.3251650635079102,0.011595747564138923
2.118271910014508,2.270138303350775,2.2990913625622533,0.32200346350790454,0.011596770066665475
2.070822509191706,2.1750705642340535,2.3263237422591163,0.4490306635079051,0.011555480447611169
2.030998560200637,2.0495629687221375,2.296067733840505,0.6680898635079089,0.011483267308471294
2.137690371025241,2.1982527056279713,2.297776901191623,0.3584322635079076,0.01158497258771462
2.1150417340365246,2.1217180349996325,2.127949734158352,0.6371266635079067,0.011493552571496136
2.144363972291577,2.1804166778334064,2.392718692790459,0.345632263507909,0.011589121850267137
2.2092842959273877,2.2656313462103626,2.3548671722365957,0.1939394635079097,0.011637967711658382
2.1035665321461976,2.232949772325931,2.289553823907852,0.390534663507907,0.011574547240143786
2.072776407453434,2.171314437492078,2.252096535058917,0.5067970635079107,0.011536562328270564
2.0827472641240186,2.340212646519629,2.3925741179871065,0.29060506350791115,0.011606910478951278
2.0866213600841905,2.2332882718315026,2.3302756954221087,0.3615938635079061,0.011583947055339428
2.256171201315306,2.274094676849144,2.334470453601434,0.17979546350790798,0.011642491560688624
2.008073897511133,2.2071761222556816,2.337752767131573,0.4977474635079062,0.011539531882542586
2.230453330857991,2.2855425275989196,2.3698062773937023,0.17719706350790432,0.011643322074089663
2.0999479789869064,2.116907634779661,2.1670021305009586,0.6171458635079077,0.011500175999342067
2.046003755124821,2.3101082831015267,2.3999247834135864,0.3353026635079104,0.011592467161309693
2.2988650061231737,2.317023827359632,2.3536443812278605,0.09546906350790607,0.01166935515350351
2.0265730891474396,2.238758223352954,2.348965093664897,0.4276418635079082,0.01156246264546896
2.008680805994632,2.237846904403141,2.325679550644697,0.48058266350791,0.011545158379401073
2.0759171889201102,2.1613206102280444,2.362056302539046,0.4445890635079053,0.011556931369761462
2.2075117308667305,2.268925464792064,2.308237343808236,0.24008346350790788,0.011623172733485721
2.0460090171508543,2.2011872587856014,2.3509788933921585,0.43267226350791077,0.011560821603812905
2.047872841505057,2.17153543121799,2.1999882631166843,0.59177626350791,0.011508570268723947
2.100149507119977,2.2565507596898664,2.296277536590117,0.36773786350790516,0.011581953364588223
2.128562501736602,2.274486070996083,2.298866962438589,0.309625863507911,0.011600770618294636
2.1458844734959293,2.2083531222862103,2.2617245064515026,0.39079066350790725,0.011574463994091578
2.056016203761491,2.0925613615521215,2.183063448622254,0.6791362635079068,0.01147959167573537
2.078796262694933,2.1943498604350338,2.2629315365541567,0.46963866350790795,0.011548741648438322
2.1443174702047116,2.1860846662313445,2.340669888494885,0.3406146635079068,0.011590747184616675
2.0144584245704884,2.257579634393069,2.3650280985293244,0.4308290635079075,0.01156142297936944
2.0118001124459406,2.1420975156127544,2.373971552184464,0.5284290635079074,0.011529455103635199
2.1806988553577975,2.298516622622489,2.378389734353436,0.2123330635079057,0.01163207688411534
2.1667542456472337,2.2000408885121225,2.3458798398414427,0.31870106350790905,0.011597837825425627
2.000929681081345,2.0400256641244137,2.2933381911272424,0.7206338635079064,0.011465754018162496
2.1273969528630854,2.1520112715296307,2.3771517685699357,0.380473863507909,0.01157781743950559
2.0788978911673297,2.156627634567519,2.297266492669111,0.48117146350790563,0.011544965504990672
2.1256897379205952,2.242339493539667,2.307974588220942,0.3385922635079055,0.011591402106598286
2.0027385340225976,2.323434278746529,2.3522019649246486,0.39802266350790916,0.011572111577736901
2.237466220266787,2.2467484591172138,2.361814422447414,0.18943386350790803,0.011639409356919164
2.19220158310252,2.317605310782697,2.34575955195418,0.19689626350790945,0.01163702134528715
2.029749368407446,2.104987973081532,2.331645968112545,0.5957186635079097,0.01150726694706719
2.312112084416668,2.3756910068080077,2.3894272739775086,0.039187463507907694,0.011687182533168104
2.025730327767955,2.160814031138674,2.165601712473309,0.6761026635079048,0.011480601419458636
2.0073447811525433,2.2421308021435182,2.24609158455937,0.5303490635079058,0.011528823680947736
2.0024100545575045,2.250073280260193,2.3636689331291563,0.44726426350791115,0.01155605753411555
2.1282191737461997,2.2269476746769556,2.316871438717213,0.3264706635079051,0.011595325239527074
2.0954508086001025,2.137569788051927,2.152860338648568,0.6067522635079072,0.011503617117714028
2.068885019238305,2.142680559635614,2.332350485029548,0.4753090635079076,0.011546885451859393
2.071961527050785,2.1013247722814357,2.362727387582798,0.5073730635079059,0.011536373244516913
2.1974148660592756,2.26669239678588,2.331471725321238,0.23409306350790615,0.011625096545684221
2.1135464604015266,2.2842669642808255,2.3118617596180857,0.3043010635079071,0.011602490404765757
2.0614482810028276,2.1438725133627714,2.1859071907039596,0.6086722635079056,0.011502981662090366
2.0996289180148136,2.1139781499486365,2.1422230515807286,0.6598594635079067,0.011486003785727108
2.0998935825731073,2.1560805899777375,2.381939806150344,0.4078914635079087,0.011568899235700815
2.0310004710571716,2.0878262571327815,2.3698267584931436,0.5706818635079074,0.01151553679342129
2.255600081219762,2.3617076357555895,2.3939944369468096,0.09335706350790929,0.011670025608509533
2.0795371021856996,2.1314839285825107,2.1504202990043697,0.6347586635079097,0.01149433810113008
2.0683061468430237,2.258591686812896,2.3384005661438954,0.38376346350790413,0.0115767484698967
2.014907149247208,2.079100512053226,2.1251030468280105,0.7829186635079068,0.011444896846528286
2.276466574232481,2.316484344214974,2.326740394956059,0.09476506350790714,0.01166957865127965
2.231884685799729,2.2891296010014752,2.3135090526342137,0.19840666350791025,0.01163653783235841
2.2497252370155305,2.328424473382079,2.3295818964752484,0.12086426350790447,0.011661284431263515
2.111706994858852,2.121819755808401,2.22930980685034,0.5337538635079042,0.011527703715729193
2.127089164810002,2.146683637362805,2.2473515348876694,0.47154586350790595,0.011548117424947987
2.141579028747884,2.152854163629137,2.2586779669004793,0.45246106350790427,0.01155435949226396
2.0647105605847083,2.2813542548909482,2.3808141850835054,0.3515074635079074,0.011587217874348788
2.1062702899865338,2.106446683162824,2.3445815273818336,0.45688986350791083,0.011552911826583528
2.0286947065935306,2.081210266748397,2.0944223721286384,0.8208194635079096,0.011432153253512859
2.130501781552486,2.1448576252796023,2.151125442722325,0.5650498635079089,0.011517394768243344
2.2780898417618283,2.290923721994597,2.3968183240870595,0.10200986350790942,0.011667278045160009
2.0111002900061963,2.036792788008221,2.26990280633273,0.7357250635079069,0.011460710160400995
2.192696607888294,2.3317371819334314,2.338631419869565,0.19533466350790718,0.011637521186140634
2.139744930020881,2.2290471450091083,2.339830163260066,0.33467546350790656,0.011592670193918025
2.086101305033452,2.1218020831781965,2.331522445245223,0.491385863507908,0.011541618084214438
2.01477570715638,2.1599561706062924,2.315226408192856,0.5332290635079104,0.01152787636215117
2.0088418462436475,2.099070361434391,2.174233633326558,0.7359810635079072,0.0114606245453476
2.0181851159036546,2.131059533402685,2.3158781968121716,0.5695810635079042,0.011515900009928531
2.019309054421795,2.135217598008326,2.3115277325277437,0.5521602635079077,0.01152164379738933
2.076960992453278,2.1050341011422304,2.357789284182143,0.5101378635079072,0.01153546551928445
2.1138296938794174,2.1410751122317846,2.166515051645822,0.5712706635079101,0.01151534250148234
2.2056080309346684,2.2363680866654048,2.2688118881081016,0.2906306635079048,0.011606902221715664
2.1336664796364078,2.2005238894110515,2.3900663929568897,0.3206722635079089,0.011597200515503179
2.1423917335937555,2.3377878537930696,2.3425721091635974,0.2423362635079087,0.011622449006381262
2.0063151209306,2.059716179474169,2.1145216453620486,0.855110663507908,0.011420589406929539
2.0838067708608023,2.1834576778686685,2.2635044963969313,0.49029786350790516,0.011541974771285634
2.2505198621167435,2.2771549754346405,2.3970630892629208,0.15448986350790506,0.011650572409715738
2.152534083020946,2.3941892462301597,2.3948589251822545,0.19587226350790843,0.011637349116934974
2.0373766182525834,2.2005176092688234,2.3243784076522997,0.4499138635079092,0.011555191873299474
2.2069974432221118,2.2785472163664786,2.3044479656203642,0.22392986350790522,0.011628358309402922
2.1191700524627515,2.340173679205795,2.3871759263916523,0.2335170635079109,0.01162528147831411
2.115098639903352,2.195976321840362,2.289546088742555,0.41054106350790676,0.011568036339484965
2.074933452093548,2.1583685210228807,2.2813133413445073,0.49431706350790705,0.011540656970339997
2.0333910578571426,2.0586608859232616,2.2032192085670257,0.730080263507908,0.011462597519236204
2.045018920605548,2.3503731853427374,2.354828434874811,0.34949786350790646,0.011587869227611522
2.038137465404676,2.0925999771133874,2.198592605876853,0.6972994635079104,0.011473540780566314
2.1706904074862403,2.368945215782648,2.385710395005755,0.17655706350790723,0.01164352660714804
2.2367397498101274,2.256975974147389,2.26107649011603,0.24836506350790444,0.011620511562590084
2.0482070303128146,2.253788828707008,2.3958505933173764,0.3805250635079105,0.011577800804034527
2.2920230651718967,2.2966452262878367,2.390290382142859,0.111033863507906,0.011664410555996107
2.147436403813616,2.193067393860819,2.3770489617414516,0.3159490635079081,0.011598727405654007
2.1008185335120797,2.2039378192409256,2.3216863086017194,0.38753946350790613,0.011575521090350753
2.0144981423807664,2.0981249723849067,2.1951221974124397,0.7077314635079048,0.011470061416321873
2.2916484387593163,2.3304341507175614,2.35360840400311,0.07474586350790702,0.011675928771640367
2.083185420346143,2.093634501993304,2.102120557180738,0.7228482635079061,0.011465014297730081
2.09408448174087,2.268953339361296,2.352335360209661,0.3307970635079087,0.011593925451579872
2.005848292944273,2.197615174069433,2.297623995808939,0.5292994635079111,0.01152916887089257
2.0245239446379397,2.3025712505396245,2.366588086686771,0.4040130635079109,0.011570161980802551
2.0183009534704386,2.2798542459888185,2.3067986767957684,0.4528834635079093,0.011554221442575088
2.0558001422785295,2.283739426361902,2.297160049315734,0.40959386350790794,0.011568344835791637
2.1883493308004756,2.315167056570307,2.340650930187305,0.20993946350790793,0.011632843968639959
2.023921776892231,2.2697428300301494,2.269852614865256,0.48028826350790865,0.01154525481314584
2.078630890568784,2.124882867419406,2.245233271335318,0.5633218635079089,0.011517964658195035
2.031062355585469,2.0423426446724475,2.0734708404292457,0.8896962635079078,0.011408893529380876
2.0030591121757366,2.181822810601876,2.291036449228915,0.5511234635079063,0.011521985382892775
2.0815456704102293,2.159975214288206,2.3814507088903487,0.4134594635079054,0.011567085688093155
2.0647617903368465,2.0659448874929622,2.2141363898480204,0.662765063507905,0.01148503792905543
2.0031739820053147,2.129264134593811,2.203640480182967,0.6723394635079103,0.011481853666768752
2.142648184819981,2.1444352797696205,2.1535503864099996,0.5526082635079064,0.011521496189808128
2.1065276244187023,2.148159138543588,2.380688204604172,0.4224066635079069,0.011564169785958204
2.1684253389537624,2.189638860499007,2.363643951597454,0.3148610635079052,0.011599079045325205
2.0210943356329834,2.273219655718415,2.312932717189093,0.43693466350790544,0.011559430577872603
2.152068738657858,2.2931956400440217,2.3594527137195835,0.21906586350790747,0.011629918402851437
2.0576219731817984,2.214985249416166,2.360349691564953,0.4369602635079062,0.011559422221907114
2.215082821603342,2.2288244827720867,2.3109443247031662,0.24474266350790685,0.011621675787989495
2.025716073767939,2.026432902340047,2.0587017701525285,0.9298114635079102,0.011395286362734255
2.0330685940159574,2.1697712059599623,2.277193541866372,0.5365570635079067,0.011526781406453596
2.0167236510705653,2.1913148099663227,2.398275585118222,0.4934722635079112,0.011540933996074459
2.0131090479303464,2.3623979369307864,2.363138113934452,0.36293786350790924,0.011583511020501877
2.0395830538479567,2.0832641234989553,2.3752047877404125,0.5882690635079086,0.011509729366164215
2.0061026377921922,2.093640230360335,2.2181884775419394,0.7012930635079044,0.011472209151877213
2.020990563697792,2.104841042934689,2.3566052999124842,0.5716034635079055,0.011515232680185858
2.1377610657108512,2.2369379288512556,2.33237848248655,0.3086658635079047,0.01160108073090945
2.047218939599653,2.174267727944023,2.2157358402055993,0.5728834635079068,0.011514810262894564
2.1178007042395572,2.281602115996819,2.3211031756670426,0.31424666350790886,0.011599277604588926
2.055069716170321,2.1544292244466376,2.1955123798901606,0.5928642635079058,0.011508210627531493
2.0634536703904196,2.234121175496829,2.3867126393943456,0.3623106635079054,0.011583714509349717
2.1486381823852834,2.2544503630857697,2.3037360548065693,0.2940866635079047,0.011605787337300638
2.0718832610616467,2.073139175612087,2.2755336242759294,0.597318663507906,0.011506737882409988
2.019420894178664,2.1062184521670337,2.2117123171444804,0.6558530635079052,0.011487335187411745
2.155748015134284,2.214655943912168,2.3020249194128177,0.33976986350791094,0.011591020772704807
2.1769921917974333,2.247087067978487,2.3720906046960395,0.2467138635079067,0.011621042294380234
2.112228090542481,2.318637305513619,2.3529298492513977,0.278035463507905,0.011610962708849194
2.002613527863657,2.1393066191559185,2.1684026337119686,0.7125442635079082,0.011468455217103164
2.011686462419819,2.1104701040609783,2.2818747492657083,0.6283586635079104,0.011496460397522128
2.0530797927092013,2.316221610916481,2.3348783453168536,0.34298266350791096,0.011589980208850697
2.1335521080955737,2.2093221970917023,2.31924638264444,0.3460290635079062,0.011588993287908477
2.1057785641710596,2.2205332561646687,2.3461326681427144,0.3550018635079084,0.011586085013247344
2.1451132961069725,2.2475129730878733,2.281456621782706,0.3288130635079085,0.011594567427232153
2.1649960688156886,2.255523753898783,2.2701452743526813,0.3224642635079107,0.011596621054301497
2.013776828365371,2.136268226207669,2.297690980996232,0.5855426635079084,0.011510630188081504
2.1057075987506946,2.3211700164703566,2.350446610225817,0.27824026350791087,0.011610896717880147
2.044463168096095,2.1712588917878004,2.3296118866954485,0.49650586350790604,0.011539939133371412
2.0287212365237948,2.145134057562333,2.2119165013704483,0.6342978635079106,0.01149449094337083
2.0382337573393645,2.039253339413572,2.2022511612936815,0.7474626635079105,0.01145678287607695
2.234687510612791,2.256357489374488,2.264872847141069,0.24379546350790804,0.011621980157941494
2.0613449019094507,2.146190234537701,2.269387392311922,0.5339586635079101,0.011527636339518118
2.166290502906795,2.2329679472756214,2.254960227585355,0.33031066350790894,0.011594082848731035
2.018068989055056,2.0819011509125414,2.34830524910144,0.5880770635079102,0.01150979281086284
2.065204132152452,2.267958995372486,2.397639236884971,0.32613786350790974,0.011595432895151454
2.090534592301479,2.25051289114108,2.3693648901225655,0.3475010635079059,0.011588516326832244
2.0734638946588677,2.2250285195598405,2.323661311862363,0.40302746350791097,0.011570482813029474
2.1246454589380828,2.151148174858871,2.285181943102367,0.44869786350790974,0.011555589180386176
2.1098073409412286,2.1284459529053197,2.2392095470583713,0.5251010635079112,0.01153054933624697
2.1131921157321547,2.307336161050893,2.37885585719448,0.2829634635079046,0.011609374496581613
2.0998593378222155,2.1339108522400285,2.1379943142862508,0.6271810635079049,0.01149685077976747
2.180964997816266,2.263810215402086,2.3857843298482453,0.2186562635079099,0.011630049751015031
2.121663754856923,2.1747457543775317,2.2001159212823476,0.4898882635079076,0.011542109045306547
2.010607574074705,2.095979915310113,2.1122361245858783,0.8066626635079075,0.011436917872151484
2.122911820931033,2.1571075766725167,2.1994307978521364,0.511750663507911,0.011534935918704045
2.0962378811040097,2.3235519527668664,2.367591110940552,0.2572098635079101,0.011617667438582701
2.2836190771468914,2.289431621086309,2.3495479239210235,0.103443463507908,0.011666822641140353
2.2234689719243543,2.2247323061528443,2.365888738147092,0.20787866350790551,0.011633504280274603
2.10542181799248,2.201492014607437,2.3237472122913423,0.3892546635079057,0.011574963444438731
2.1066647341302835,2.2872933297281746,2.3207559807152602,0.329145863507911,0.011594459748214374
2.0462359881665133,2.3516447395700366,2.381281703057828,0.3143490635079047,0.01159924451206635
2.074668177775509,2.086767815074405,2.366365884587818,0.5243074635079097,0.01153081022493927
2.1233701023116396,2.1531009360534297,2.3357237429697593,0.41408666350790924,0.011566881352008751
2.011939052304613,2.175256504148981,2.398905479062785,0.4908482635079068,0.011541794333532165
2.0272709790660035,2.051327051076386,2.2005357542647115,0.7322434635079063,0.0114618743481056
2.0529561816137285,2.1173661883410633,2.253077931804667,0.5808066635079072,0.011512194521539523
2.29084242050847,2.297186172247993,2.312441098877542,0.15309466350790757,0.01165101745681872
2.0580438514130677,2.128803980284188,2.219328498423687,0.5947842635079041,0.01150757588899751
2.055861558977951,2.0678004179017337,2.398208731738223,0.5831490635079106,0.011511420885943025
2.067946014282865,2.2587232367298,2.3976625254517603,0.36126106350791076,0.011584055018518094
2.1815914057822643,2.19334590750462,2.349279131606727,0.2814530635079109,0.01160986134088069
2.0759405108253457,2.119721898998078,2.385896521986993,0.48088986350790464,0.011545057750425226
2.07013986459206,2.1080305748081107,2.1866181138624072,0.6316354635079051,0.01149537391974696
2.1218704550812166,2.258977108941886,2.305411375657418,0.3474626635079048,0.011588528770019516
2.1159609871973566,2.1806774133259976,2.3948424878421983,0.38256026350790506,0.011577139488022074
2.039088444424406,2.040334732536807,2.100188752554385,0.8824002635079111,0.011411363573925772
2.04988998852519,2.123238597823594,2.189229475742829,0.64935066350791,0.01148949513345964
2.055155138566419,2.194308142398944,2.3017406637449214,0.48557466350790435,0.011543522847256368
2.1320355714334873,2.182039791206654,2.209595444609428,0.4685378635079047,0.011549101894479262
2.2243229434210607,2.259503201700773,2.2638551838742917,0.27177626350790973,0.011612979028576465
2.2067971520062555,2.2824855289988206,2.29043671119056,0.259078663507907,0.011617066247893033
2.0016830659372937,2.1087023705131256,2.2441389755672665,0.6578882635079069,0.011486658906581461
2.0118693893690307,2.105770398329528,2.1391355770828486,0.7591618635079058,0.011452864705825015
2.1333652255073328,2.215117531432783,2.2265872765817076,0.4374338635079056,0.011559267633410754
2.05789304289674,2.2417053535330114,2.367882643721381,0.3910594635079079,0.011574376583873598
2.0892094995817803,2.2106446825446175,2.39145932781293,0.3731266635079109,0.011580203912435454
2.0316480809546063,2.0933707081597794,2.307672007954063,0.6075714635079095,0.011503346002114015
2.0893943893608484,2.1942782286153073,2.2947414978945186,0.4416066635079048,0.011557905326300117
2.139850979843301,2.162420589121139,2.322980723157797,0.3696322635079099,0.011581338442560912
2.2189388102553,2.226978984727066,2.2549828029258268,0.3096898635079057,0.011600749943260633
2.0004549020911178,2.043894884972849,2.236988485640427,0.7609538635079076,0.011452264218959875
2.0720109274336163,2.106105159095734,2.292412583780739,0.5509570635079086,0.011522040202576814
2.0523980524154424,2.151912603807498,2.3960739241941775,0.48215706350790555,0.011544642629346843
2.0642157843770255,2.123493832555563,2.18515140131789,0.6281154635079105,0.011496541023005145
2.0921869546712872,2.2397671643785944,2.242192033545766,0.43382426350790837,0.011560445698356651
2.1496824423398593,2.377531365483478,2.3814330601465765,0.20007066350790836,0.011636005079967848
2.2983369326394802,2.3413074302367276,2.369585860815347,0.07849626350790828,0.011674739924659084
2.1101514074153345,2.15826809378408,2.275014796066952,0.47118746350790985,0.01154823473607242
2.268811068058572,2.3778034552429395,2.3987061543014754,0.06175386350791001,0.011680044334390028
2.012466282548379,2.1868666973575484,2.292389513804455,0.5187522635079063,0.011532635974718148
2.002984435673428,2.035015057204703,2.243761922167134,0.772614663507909,0.011448354625594863
2.005382449422636,2.037059782008032,2.212789977234445,0.7652546635079105,0.011450822693166326
2.075798907916097,2.1591162505196233,2.2670918301105303,0.5000386635079082,0.011538780249932394
2.0148924943656885,2.322289015109184,2.330737580938423,0.38531226350790604,0.011576245081792074
2.0073152525037714,2.116270337989096,2.1641692272868096,0.7325634635079084,0.011461767359320793
2.073118491502873,2.1090889995598574,2.3136116575497554,0.5405506635079078,0.011525467068609444
2.3125116343953125,2.315161257172795,2.343982319020071,0.08464026350790732,0.011672791543057727
2.158201923439417,2.2940764116717065,2.332463139944955,0.2529218635079076,0.011619046538184012
2.0191804603612984,2.0437043519334646,2.2719414643361926,0.7023554635079066,0.011471854831648674
2.002131422159166,2.0561329836633706,2.3421618999751885,0.6629186635079094,0.011484986864201154
2.0726777858390606,2.222178685618577,2.2974296222157435,0.45700506350790704,0.01155287416358808
2.224128277847642,2.267746710061705,2.283786252701235,0.23198106350790937,0.011625774589708157
2.0362740197504423,2.1915923713468626,2.224162603596925,0.57151386350791,0.011515262247750253
2.1106424967912703,2.1300181841710515,2.206349136083605,0.5389378635079112,0.01152599791024831
2.0572810226258236,2.247352556494339,2.3195083140715815,0.4195394635079097,0.011565104440315058
2.036273282133447,2.196634453935604,2.337295705878875,0.4695874635079065,0.011548758404782639
2.023758120758482,2.066730131487382,2.389811637584017,0.6177858635079048,0.011499964012758029
2.094966827872264,2.104277138819955,2.1823738965042403,0.6138946635079066,0.011501252720851174
2.0567351632220303,2.124741243719959,2.387019301135547,0.47687066350790985,0.011546374114324789
2.136982376114178,2.199352054099219,2.2787051591896086,0.3825090635079107,0.01157715612624353
2.220111721222344,2.260333380335242,2.3420127856663515,0.23152026350791033,0.01162592251113347
2.0974194012334553,2.277167857356953,2.363676742153532,0.3025986635079079,0.011603040083465552
2.0324534764405375,2.2460385498620132,2.2612494290026293,0.4780738635079089,0.011545980088687829
2.0522738958141007,2.058115807427133,2.3119616912172125,0.6119874635079086,0.011501884208507996
2.125747508297699,2.255594687144028,2.257902081995499,0.3547330635079078,0.01158617216782499
2.127942567734878,2.2763441992186375,2.3790765663179987,0.2763970635079076,0.011611490597092156
2.137327577274205,2.2658601607261306,2.342181058432876,0.2746178635079062,0.011612063771186466
2.084604647717762,2.1189662485976495,2.131235025265522,0.6759106635079064,0.01148066531890653
2.012125084860366,2.1166792315152114,2.2781216989164004,0.626195463507905,0.01149717748399988
2.0726405562674284,2.091242219087617,2.364685528185627,0.5253186635079103,0.011530477799311226
2.0316855556188864,2.0430573691621934,2.1786748170150045,0.7696962635079103,0.011449333444910616
2.2976803853091083,2.3577430491604803,2.3848982755882777,0.053792263507908444,0.011682564239236658
2.09012803664093,2.2066409958467994,2.293982347872622,0.413830663507909,0.01156696475574971
2.010974559441844,2.0543911076947166,2.182405433247603,0.7972034635079055,0.011440098405925204
2.0195549218663458,2.2020787207499537,2.240705376303003,0.5436098635079105,0.011524459963509297
2.02974703197942,2.3040695268308484,2.3355152594642146,0.3847618635079044,0.01157642397903378
2.2819656301084192,2.3345788695919962,2.3577778606397235,0.07601306350790793,0.01167552711980786
2.1343178903792097,2.171921194273293,2.2674511352293103,0.4425666635079111,0.011557591846732562
2.020150206145505,2.2813300278928055,2.3955510298228995,0.3887042635079112,0.011575142398980878
2.033460314934337,2.184376355873496,2.2727181073925515,0.5189442635079047,0.011532572886518464
2.0793217293221384,2.2196432863392457,2.2945032978487436,0.41896346350790736,0.011565292179439288
2.1066245471373626,2.1436110556502066,2.311003284024464,0.4477122635079098,0.01155591117943519
2.0752911481405056,2.113284377215724,2.2476941260764436,0.5950658635079051,0.011507482785680912
2.0259844236224365,2.2143935006907345,2.3101360875241443,0.48883866350790584,0.011542453102086311
2.044623723482038,2.136869571763255,2.308320545676967,0.5425858635079095,0.011524797097701015
2.1555693870402566,2.2333156046820903,2.307477131149283,0.3070018635079066,0.011601618202169673
2.056997731012472,2.1896672691096506,2.3737543728132007,0.4334914635079059,0.011560554296880013
2.049993184602825,2.2306334760255,2.2742924964408986,0.45895066350790614,0.011552238024186343
2.0019429084207494,2.063288472952397,2.144679695043587,0.8268866635079064,0.011430109592592707
2.0250060560477645,2.1740823576742025,2.375679577586331,0.46650266350791014,0.011549767845913252
2.172674342017394,2.2612406684489965,2.3336465908729207,0.25312666350790636,0.011618980681659875
2.008587695160533,2.009556145486473,2.361563403830928,0.7074754635079046,0.011470146834837443
2.1208577054975675,2.1701981201065106,2.173921056015382,0.5316162635079067,0.011528406887995444
2.000487922512891,2.0081697766626476,2.3432454838811765,0.7399362635079072,0.011459301566138
2.0562596753535396,2.3673473451610985,2.3980166143291513,0.2937666635079097,0.011605890580484852
2.162661139664147,2.2597206382595347,2.2948460827508654,0.29073306350790773,0.011606869192601527
2.1674799022040157,2.20093056506685,2.207877403225093,0.41829786350790954,0.01156550911148636
2.0306483314198713,2.0487947607552024,2.3939422745742442,0.6043970635079106,0.011504396474487462
2.016748533460315,2.1062837808560553,2.388155039866073,0.5692610635079092,0.011516005590025313
2.2842795342370525,2.3014846195544023,2.3039288417677546,0.1524418635079101,0.011651225672554501
2.04290260192137,2.1374485353860675,2.213306199905649,0.6332354635079085,0.01149484330782593
2.0855453684310814,2.2709620960671018,2.3890244375362166,0.3265986635079088,0.011595283832742874
2.020278988747247,2.118816210270135,2.185696244727324,0.7042626635079046,0.011471218685974132
2.114964607017277,2.198740617579627,2.282254806258856,0.40188826350790663,0.011570853613080896
2.0163067655842886,2.086035489329596,2.3210324174713035,0.6374082635079077,0.011493459147097674
2.06418308616928,2.284524170542576,2.3758655609481916,0.3279810635079059,0.011594836612043479
2.0469880542430774,2.1171356464294626,2.348107977293193,0.5253442635079111,0.011530469383117966
2.0141462465410482,2.0491121274235544,2.081190227893906,0.8901058635079053,0.01140875481669463
2.2529760721593037,2.313007706060297,2.349878435581272,0.11981466350790981,0.01166161832919888
2.018970827292492,2.1955843696785426,2.290929376316736,0.5189826635079058,0.011532560268760395
2.0747121237672177,2.118668648676642,2.140361828236778,0.6763714635079054,0.011480511958555182
2.166902555803067,2.253872756009798,2.30618491680246,0.28622746350790607,0.011608322213816882
2.1194200836418537,2.169286624770905,2.170604829862348,0.5327810635079047,0.011528023737416916
2.131051826879749,2.2609247764103064,2.324968542684779,0.29987226350790763,0.011603920237670854
2.155857847515198,2.2147562541632855,2.287727409237006,0.3353410635079044,0.011592454730405837
2.067475256949187,2.0727229255030486,2.142855756472998,0.7396162635079051,0.011459408619120832
2.2608127302348118,2.3774260491819383,2.385370240755857,0.0658114635079059,0.011678759447451486
2.075797242418513,2.1784632508143393,2.2945724617396097,0.4688962635079079,0.011548984608608186
2.2422542624591393,2.2955606070844072,2.31036240629396,0.19428506350790542,0.011637857109133252
2.002140485943914,2.0679741449909788,2.3487868991337315,0.6599234635079085,0.011485982513809202
2.01347014714816,2.344389376520116,2.376096336400601,0.3732546635079075,0.0115801623484411
2.157165878019917,2.287394117985169,2.3738117237706664,0.23724186350790433,0.011624085427736717
2.114928180101984,2.263721809961402,2.277678691723109,0.3502786635079076,0.011587616166679991
2.134815684420287,2.2872459435037498,2.3452442090165397,0.25356186350790466,0.011618840732909471
2.040428874305304,2.178974437690204,2.1856761578115895,0.5720002635079098,0.011515101735526265
2.0072279491378895,2.2413125347956306,2.3450842072309537,0.47233946350790745,0.011547857652443204
2.0921990133568387,2.200763448149989,2.362574133728074,0.3736514635079047,0.011580033497312264
2.181760745740032,2.3527286577170776,2.3903775823603204,0.1601218635079107,0.011648775376694233
2.0042277966442095,2.308644157086765,2.3544420814803644,0.41320346350790516,0.011567169087584584
2.034992610791295,2.266042462721755,2.34972162342315,0.39007386350790796,0.011574697078675356
2.0643057063236343,2.1896185837274627,2.312191888077996,0.46654106350790414,0.011549755281811156
2.1163712170039237,2.240636193901362,2.3993919392664265,0.29938586350790786,0.011604077240002572
2.0095282768402134,2.2170411537980685,2.364579872876828,0.4605634635079099,0.011551710621866856
2.0041664751409245,2.155194045693888,2.2556447690749786,0.6086466635079049,0.011502990135484522
2.2716931773274776,2.3344445341053754,2.381441649757593,0.08090266350790642,0.011673976924316222
2.257710567568795,2.3482332402998645,2.3574688415119276,0.10892186350790922,0.011665081858806044
2.0111293826529204,2.252192369234329,2.370089899941907,0.4299586635079109,0.011561706930969088
2.12946501114466,2.1623095831272754,2.3078428044524744,0.41595546350790613,0.011566272452148661
2.0964272967021804,2.1376378761348027,2.3098257437057583,0.47603866350790724,0.011546646556332705
2.2971199418635027,2.3115879887295114,2.3512296530604453,0.10492826350790807,0.011666350916807672
2.2305702240416396,2.2786873627317448,2.312655734629534,0.19594906350791064,0.011637324535006717
2.119712747316282,2.1910587495769014,2.245152822302856,0.4439490635079082,0.011557140393198885
2.143712272256363,2.2898234749006314,2.3967313763718483,0.24465306350790428,0.011621704580744258
2.0105757906914237,2.038403652019726,2.3933860568306766,0.671520263507908,0.01148212621402848
2.294747654554894,2.302743497868854,2.370080261908768,0.09925786350790844,0.011668152109704247
2.0441881993032145,2.2828374219464695,2.2895589319093834,0.39035546350790895,0.011574605511350311
2.0805927763160845,2.2521009904533704,2.3373811289068094,0.37266586350790476,0.011580353539236985
2.0161223253215494,2.075105598302757,2.2946134751779352,0.6533570635079045,0.011488164435629757
2.0922075867145833,2.3050284083756862,2.3395947843988196,0.3114818635079075,0.01160017099867616
2.0344882624697123,2.0541050853656153,2.2619606027821106,0.6646210635079086,0.011484420852682954
2.0056683810066978,2.2594681552864353,2.3268534555488376,0.4419522635079076,0.01155779247647245
